,sID,Bigram #,Trial #,bigram_loc,Bigram,corr_bigram,IKI,string,resp_string,rep #,bg_freq
0,s179,0,0,0,'p' 'y',py,0.14389541978016496,pykka,pyykka,0,149099
1,s179,1,0,1, 'y' 'y',yk,1.344066743273288,pykka,pyykka,0,4767
2,s179,2,0,2, 'y' 'k',kk,0.31204639188945293,pykka,pyykka,0,1820
3,s179,3,0,3, 'k' 'k',ka,0.11202108580619097,pykka,pyykka,0,60568
4,s179,4,0,4, 'k' 'a',,0.1119576538912952,pykka,pyykka,0,
5,s179,5,1,0,'f' 'a',fa,0.11993857007473707,faqir,faqir,0,1043958
6,s179,6,1,1, 'a' 'q',aq,0.34401050629094243,faqir,faqir,0,4924
7,s179,7,1,2, 'q' 'i',qi,0.47192033287137747,faqir,faqir,0,36
8,s179,8,1,3, 'i' 'r',ir,0.14413104904815555,faqir,faqir,0,2142678
9,s179,9,2,0,'b' 'e',be,0.1439275569282472,belly,belly,0,3798740
10,s179,10,2,1, 'e' 'l',el,0.13605080405250192,belly,belly,0,3235254
11,s179,11,2,2, 'l' 'l',ll,0.12796499021351337,belly,belly,0,4235407
12,s179,12,2,3, 'l' 'y',ly,0.13595176581293344,belly,belly,0,2589130
13,s179,13,3,0,'t' 'h',th,0.09591617062687874,therm,therm,0,22288309
14,s179,14,3,1, 'h' 'e',he,0.1600825171917677,therm,therm,0,21484684
15,s179,15,3,2, 'e' 'r',er,0.06395618710666895,therm,therm,0,12934901
16,s179,16,3,3, 'r' 'm',rm,0.08005300583317876,therm,therm,0,905131
17,s179,17,4,0,'t' 'h',th,0.07990874210372567,theme,theme,0,22288309
18,s179,18,4,1, 'h' 'e',he,0.18402672419324517,theme,theme,0,21484684
19,s179,19,4,2, 'e' 'm',em,0.08799099968746305,theme,theme,0,2039661
20,s179,20,4,3, 'm' 'e',me,0.1359241111204028,theme,theme,0,4724108
21,s179,21,5,0,'h' 'a',ha,0.1759027768857777,haole,haole,0,6967591
22,s179,22,5,1, 'a' 'o',ao,0.16015589283779263,haole,haole,0,25487
23,s179,23,5,2, 'o' 'l',ol,0.18384835217148066,haole,haole,0,1804856
24,s179,24,5,3, 'l' 'e',le,0.17611025786027312,haole,haole,0,5038239
25,s179,25,6,0,'c' 'h',ch,0.10405268426984549,champ,champ,0,3267507
26,s179,26,6,1, 'h' 'a',ha,0.11987841781228781,champ,champ,0,6967591
27,s179,27,6,2, 'a' 'm',am,0.12014900194481015,champ,champ,0,1610395
28,s179,28,6,3, 'm' 'p',mp,0.14387240214273334,champ,champ,0,1042198
29,s179,29,7,0,'h' 'a',ha,0.18399037001654506,haole,haole,1,6967591
30,s179,30,7,1, 'a' 'o',ao,0.10400952817872167,haole,haole,1,25487
31,s179,31,7,2, 'o' 'l',ol,0.19999674893915653,haole,haole,1,1804856
32,s179,32,7,3, 'l' 'e',le,0.0801603589206934,haole,haole,1,5038239
33,s179,33,8,0,'c' 'h',ch,0.12812810204923153,cheer,cheer,0,3267507
34,s179,34,8,1, 'h' 'e',he,0.1918839868158102,cheer,cheer,0,21484684
35,s179,35,8,2, 'e' 'e',ee,0.13609773013740778,cheer,cheer,0,2839722
36,s179,36,8,3, 'e' 'r',er,0.14390040608122945,cheer,cheer,0,12934901
37,s179,37,9,0,'t' 'h',th,0.05588767910376191,think,think,0,22288309
38,s179,38,9,1, 'h' 'i',hi,0.11203435622155666,think,think,0,6198006
39,s179,39,9,2, 'i' 'n',in,0.14397965976968408,think,think,0,13597302
40,s179,40,9,3, 'n' 'k',nk,0.12809424428269267,think,think,0,445067
41,s179,41,10,0,'b' 'u',bu,0.44789789291098714,buddy,buddy,0,1183063
42,s179,42,10,1, 'u' 'd',ud,0.30398545833304524,buddy,buddy,0,458716
43,s179,43,10,2, 'd' 'd',dd,0.13612255360931158,buddy,buddy,0,306083
44,s179,44,10,3, 'd' 'y',dy,0.08788572438061237,buddy,buddy,0,360103
45,s179,45,11,0,'z' 'i',zi,0.1601435150951147,zibja,zibja,0,54565
46,s179,46,11,1, 'i' 'b',ib,0.1839798539876938,zibja,zibja,0,493267
47,s179,47,11,2, 'b' 'j',bj,0.2879987549968064,zibja,zibja,0,105433
48,s179,48,11,3, 'j' 'a',ja,0.15188489202409983,zibja,zibja,0,40073
49,s179,49,12,0,'d' 'r',dr,0.17608388094231486,druze,druze,0,
50,s179,50,12,1, 'r' 'u',ru,0.12803714023903012,druze,druze,0,705492
51,s179,51,12,2, 'u' 'z',uz,0.21596200903877616,druze,druze,0,
52,s179,52,12,3, 'z' 'e',ze,0.15995267173275352,druze,druze,0,
53,s179,53,13,0,'p' 'u',pu,0.12001873692497611,puppy,puppy,0,514720
54,s179,54,13,1, 'u' 'p',up,0.2959959306754172,puppy,puppy,0,968744
55,s179,55,13,2, 'p' 'p',pp,0.13590900925919414,puppy,puppy,0,805170
56,s179,56,13,3, 'p' 'y',py,0.1359882797114551,puppy,puppy,0,149099
57,s179,57,14,0,'t' 'h',th,0.0639918390661478,theme,theme,1,22288309
58,s179,58,14,1, 'h' 'e',he,0.15995213109999895,theme,theme,1,21484684
59,s179,59,14,2, 'e' 'm',em,0.09591583581641316,theme,theme,1,2039661
60,s179,60,14,3, 'm' 'e',me,0.14413161715492606,theme,theme,1,4724108
61,s179,61,15,0,'c' 'o',vo,0.12799603305757046,vodka,codka,0,368238
62,s179,62,15,1, 'o' 'd',od,0.17596710426732898,vodka,codka,0,1013147
63,s179,63,15,2, 'd' 'k',dk,0.2800310649909079,vodka,codka,0,5347
64,s179,64,15,3, 'k' 'a',ka,0.14405338000506163,vodka,codka,0,60568
65,s179,65,16,0,'e' 'd',ed,0.21600939705967903,edthe,edthe,0,7805967
66,s179,66,16,1, 'd' 't',dt,0.19200886180624366,edthe,edthe,0,11191
67,s179,67,16,2, 't' 'h',th,0.10394790908321738,edthe,edthe,0,22288309
68,s179,68,16,3, 'h' 'e',he,0.11204942222684622,edthe,edthe,0,21484684
69,s179,69,17,0,'w' 'o',wo,0.08802895620465279,would,would,0,1723496
70,s179,70,17,1, 'o' 'u',ou,0.06398702599108219,would,would,0,7425307
71,s179,71,17,2, 'u' 'l',ul,0.18403112282976508,would,would,0,2181271
72,s179,72,17,3, 'l' 'd',ld,0.11185056902468204,would,would,0,2012500
73,s179,73,18,0,'a' 'b',ab,0.1199389579705894,about,about,0,1203849
74,s179,74,18,1, 'b' 'o',bo,0.16794457007199526,about,about,0,1140702
75,s179,75,18,2, 'o' 'u',ou,0.07999754184857011,about,about,0,7425307
76,s179,76,18,3, 'u' 't',ut,0.16007071221247315,about,about,0,3257233
77,s179,77,19,0,'p' 'u',pu,0.1041023163124919,puppy,puppy,1,514720
78,s179,78,19,1, 'u' 'p',up,0.8639273918233812,puppy,puppy,1,968744
79,s179,79,19,2, 'p' 'p',pp,0.15188747504726052,puppy,puppy,1,805170
80,s179,80,19,3, 'p' 'y',py,0.09612885117530823,puppy,puppy,1,149099
81,s179,81,20,0,'t' 'h',th,0.06410797499120235,theme,theme,2,22288309
82,s179,82,20,1, 'h' 'e',he,0.1358748273923993,theme,theme,2,21484684
83,s179,83,20,2, 'e' 'm',em,0.1201243856921792,theme,theme,2,2039661
84,s179,84,20,3, 'm' 'e',me,0.1519888020120561,theme,theme,2,4724108
85,s179,85,21,0,'h' 'e',he,0.1360922623425722,heond,heond,0,21484684
86,s179,86,21,1, 'e' 'o',eo,0.10386799601837993,heond,heond,0,305120
87,s179,87,21,2, 'o' 'n',on,0.16807459574192762,heond,heond,0,8830487
88,s179,88,21,3, 'n' 'd',nd,0.17594523401930928,heond,heond,0,9414961
89,s179,89,22,0,'c' 'h',ch,0.07996281003579497,champ,champ,1,3267507
90,s179,90,22,1, 'h' 'a',ha,0.1439464590512216,champ,champ,1,6967591
91,s179,91,22,2, 'a' 'm',am,0.10413636779412627,champ,champ,1,1610395
92,s179,92,22,3, 'm' 'p',mp,0.09599422989413142,champ,champ,1,1042198
93,s179,93,23,0,'a' 'b',ab,0.11197906313464046,about,about,1,1203849
94,s179,94,23,1, 'b' 'o',bo,0.16001870296895504,about,about,1,1140702
95,s179,95,23,2, 'o' 'u',ou,0.1040269210934639,about,about,1,7425307
96,s179,96,23,3, 'u' 't',ut,0.12800679774954915,about,about,1,3257233
97,s179,97,24,0,'v' 'a',va,0.11995621956884861,vanru,vanru,0,560130
98,s179,98,24,1, 'a' 'n',an,0.2399637931957841,vanru,vanru,0,12315713
99,s179,99,24,2, 'n' 'r',nr,0.36793775390833616,vanru,vanru,0,54341
100,s179,100,24,3, 'r' 'u',ru,0.19199057715013623,vanru,vanru,0,705492
101,s179,101,25,0,'c' 'h',ch,0.08807215420529246,champ,champ,2,3267507
102,s179,102,25,1, 'h' 'a',ha,0.11988586280494928,champ,champ,2,6967591
103,s179,103,25,2, 'a' 'm',am,0.1201138012111187,champ,champ,2,1610395
104,s179,104,25,3, 'm' 'p',mp,0.09589709714055061,champ,champ,2,1042198
105,s179,105,26,0,'p' 'y',py,0.14403568394482136,pykka,pykka,1,149099
106,s179,106,26,1, 'y' 'k',yk,0.32802422484382987,pykka,pykka,1,4767
107,s179,107,26,2, 'k' 'k',kk,0.11194303026422858,pykka,pykka,1,1820
108,s179,108,26,3, 'k' 'a',ka,0.13593578292056918,pykka,pykka,1,60568
109,s179,109,27,0,'t' 'h',th,0.1040910892188549,there,there,0,22288309
110,s179,110,27,1, 'h' 'e',he,0.13592546712607145,there,there,0,21484684
111,s179,111,27,2, 'e' 'r',er,0.072059724945575,there,there,0,12934901
112,s179,112,27,3, 'r' 'e',re,0.11202147277072072,there,there,0,10687711
113,s179,113,28,0,'w' 'o',wo,0.0960435732267797,would,would,1,1723496
114,s179,114,28,1, 'o' 'u',ou,0.07992770290002227,would,would,1,7425307
115,s179,115,28,2, 'u' 'l',ul,0.18403259199112654,would,would,1,2181271
116,s179,116,28,3, 'l' 'd',ld,0.15998411690816283,would,would,1,2012500
117,s179,117,29,0,'t' 'h',th,0.10404576733708382,therm,therm,1,22288309
118,s179,118,29,1, 'h' 'e',he,0.12792517989873886,therm,therm,1,21484684
119,s179,119,29,2, 'e' 'r',er,0.10402749385684729,therm,therm,1,12934901
120,s179,120,29,3, 'r' 'm',rm,0.20793340122327209,therm,therm,1,905131
121,s179,121,30,0,'b' 'e',be,0.16793066076934338,belly,belly,1,3798740
122,s179,122,30,1, 'e' 'l',el,0.13609201228246093,belly,belly,1,3235254
123,s179,123,30,2, 'l' 'l',ll,0.11987784085795283,belly,belly,1,4235407
124,s179,124,30,3, 'l' 'y',ly,0.15210794378072023,belly,belly,1,2589130
125,s179,125,31,0,'z' 'i',zi,0.11190399387851357,zibja,zibja,1,54565
126,s179,126,31,1, 'i' 'b',ib,0.17609845008701086,zibja,zibja,1,493267
127,s179,127,31,2, 'b' 'j',bj,0.21588965132832527,zibja,zibja,1,105433
128,s179,128,31,3, 'j' 'a',ja,0.1280637700110674,zibja,zibja,1,40073
129,s179,129,32,0,'t' 'h',th,0.0720054660923779,therm,therm,2,22288309
130,s179,130,32,1, 'h' 'e',he,0.13600150076672435,therm,therm,2,21484684
131,s179,131,32,2, 'e' 'r',er,0.07994140544906259,therm,therm,2,12934901
132,s179,132,32,3, 'r' 'm',rm,0.1360830799676478,therm,therm,2,905131
133,s179,133,33,0,'b' 'u',bu,0.21595426322892308,buddy,buddy,1,1183063
134,s179,134,33,1, 'u' 'd',ud,0.18406357895582914,buddy,buddy,1,458716
135,s179,135,33,2, 'd' 'd',dd,0.12787939002737403,buddy,buddy,1,306083
136,s179,136,33,3, 'd' 'y',dy,0.09597760904580355,buddy,buddy,1,360103
137,s179,137,34,0,'p' 'y',py,0.13594393199309707,pykka,pykka,2,149099
138,s179,138,34,1, 'y' 'k',yk,0.34408993972465396,pykka,pykka,2,4767
139,s179,139,34,2, 'k' 'k',kk,0.1359897810034454,pykka,pykka,2,1820
140,s179,140,34,3, 'k' 'a',ka,0.1358796013519168,pykka,pykka,2,60568
141,s179,141,35,0,'e' 't',ed,0.24013456422835588,edthe,ethe,1,7805967
142,s179,142,35,1, 't' 'h',dt,0.9920254666358232,edthe,ethe,1,11191
143,s179,143,35,2, 'h' 'e',th,0.13596433028578758,edthe,ethe,1,22288309
144,s179,144,36,0,'z' 'o',vo,0.3360009230673313,vodka,zodka,1,368238
145,s179,145,36,1, 'o' 'd',od,0.31998541206121445,vodka,zodka,1,1013147
146,s179,146,36,2, 'd' 'k',dk,0.20798089588060975,vodka,zodka,1,5347
147,s179,147,36,3, 'k' 'a',ka,0.10397660173475742,vodka,zodka,1,60568
148,s179,148,37,0,'c' 'o',co,0.9439437231048942,cooed,cooed,0,3609272
149,s179,149,37,1, 'o' 'o',oo,0.15204085176810622,cooed,cooed,0,1933683
150,s179,150,37,2, 'o' 'e',oe,0.2559711141511798,cooed,cooed,0,270012
151,s179,151,37,3, 'e' 'd',ed,0.21605718601495028,cooed,cooed,0,7805967
152,s179,152,38,0,'c' 'h',ch,0.1598674333654344,cheer,cheer,1,3267507
153,s179,153,38,1, 'h' 'e',he,0.20801512897014618,cheer,cheer,1,21484684
154,s179,154,38,2, 'e' 'e',ee,0.15205303765833378,cheer,cheer,1,2839722
155,s179,155,38,3, 'e' 'r',er,0.15194058930501342,cheer,cheer,1,12934901
156,s179,156,39,0,'t' 'h',ti,0.0958861680701375,tithe,thithe,0,5135552
157,s179,157,39,1, 'h' 'i',it,0.07998720183968544,tithe,thithe,0,6637233
158,s179,158,39,2, 'i' 't',th,0.31212520599365234,tithe,thithe,0,22288309
159,s179,159,39,3, 't' 'h',he,0.1359429219737649,tithe,thithe,0,21484684
160,s179,160,39,4, 'h' 'e',,0.5280223530717194,tithe,thithe,0,
161,s179,161,40,0,'t' 'h',th,0.0959419859573245,there,there,1,22288309
162,s179,162,40,1, 'h' 'e',he,0.14413792500272393,there,there,1,21484684
163,s179,163,40,2, 'e' 'r',er,0.0639105117879808,there,there,1,12934901
164,s179,164,40,3, 'r' 'e',re,0.1280370713211596,there,there,1,10687711
165,s179,165,41,0,'c' 'o',co,0.22403248120099306,cooed,cooed,1,3609272
166,s179,166,41,1, 'o' 'o',oo,0.13586502615362406,cooed,cooed,1,1933683
167,s179,167,41,2, 'o' 'e',oe,0.3600983680225909,cooed,cooed,1,270012
168,s179,168,41,3, 'e' 'd',ed,0.24801924265921116,cooed,cooed,1,7805967
169,s179,169,42,0,'p' 'u',pu,0.13595907529816031,puppy,puppy,2,514720
170,s179,170,42,1, 'u' 'p',up,0.2481341348029673,puppy,puppy,2,968744
171,s179,171,42,2, 'p' 'p',pp,0.14385914104059339,puppy,puppy,2,805170
172,s179,172,42,3, 'p' 'y',py,0.13607783382758498,puppy,puppy,2,149099
173,s179,173,43,0,'k' 'r',kr,0.16806674096733332,kremp,kremp,0,5683
174,s179,174,43,1, 'r' 'e',re,0.1040171911008656,kremp,kremp,0,10687711
175,s179,175,43,2, 'e' 'm',em,0.09598626103252172,kremp,kremp,0,2039661
176,s179,176,43,3, 'm' 'p',mp,0.11201786389574409,kremp,kremp,0,1042198
177,s179,177,44,0,'c' 'o',co,0.3120762933976948,cooed,cooed,2,3609272
178,s179,178,44,1, 'o' 'o',oo,0.14405821869149804,cooed,cooed,2,1933683
179,s179,179,44,2, 'o' 'e',oe,0.07995172310620546,cooed,cooed,2,270012
180,s179,180,44,3, 'e' 'd',ed,0.23202942311763763,cooed,cooed,2,7805967
181,s179,181,45,0,'d' 'r',dr,0.1840468430891633,druze,druze,1,
182,s179,182,45,1, 'r' 'u',ru,0.14403528487309813,druze,druze,1,705492
183,s179,183,45,2, 'u' 'z',uz,0.16801503440365195,druze,druze,1,
184,s179,184,45,3, 'z' 'e',ze,0.13600270496681333,druze,druze,1,
185,s179,185,46,0,'h' 'e',he,0.14390571508556604,heond,heond,1,21484684
186,s179,186,46,1, 'e' 'o',eo,0.1041714227758348,heond,heond,1,305120
187,s179,187,46,2, 'o' 'n',on,0.14387271692976356,heond,heond,1,8830487
188,s179,188,46,3, 'n' 'd',nd,0.20801007421687245,heond,heond,1,9414961
189,s179,189,47,0,'f' 'a',fa,0.13601424172520638,faqir,faqur,1,1043958
190,s179,190,47,1, 'a' 'q',aq,0.25604480132460594,faqir,faqur,1,4924
191,s179,191,47,2, 'q' 'u',qi,0.22391944006085396,faqir,faqur,1,36
192,s179,192,47,3, 'u' 'r',ir,0.95209367480129,faqir,faqur,1,2142678
193,s179,193,48,0,'t' 'h',th,0.07189723290503025,there,there,2,22288309
194,s179,194,48,1, 'h' 'e',he,0.12809542519971728,there,there,2,21484684
195,s179,195,48,2, 'e' 'r',er,0.055985439103096724,there,there,2,12934901
196,s179,196,48,3, 'r' 'e',re,0.12003103969618678,there,there,2,10687711
197,s179,197,49,0,'c' 'o',co,0.2320583718828857,cooed,cooed,3,3609272
198,s179,198,49,1, 'o' 'o',oo,0.14388599805533886,cooed,cooed,3,1933683
199,s179,199,49,2, 'o' 'e',oe,0.07203203998506069,cooed,cooed,3,270012
200,s179,200,49,3, 'e' 'd',ed,0.24002106115221977,cooed,cooed,3,7805967
201,s179,201,50,0,'b' 'u',bu,0.24002239108085632,buddy,buddy,2,1183063
202,s179,202,50,1, 'u' 'd',ud,0.23202324006706476,buddy,buddy,2,458716
203,s179,203,50,2, 'd' 'd',dd,0.15194250782951713,buddy,buddy,2,306083
204,s179,204,50,3, 'd' 'y',dy,0.09594473987817764,buddy,buddy,2,360103
205,s179,205,51,0,'p' 'u',pu,0.13599102711305022,puppy,puppy,3,514720
206,s179,206,51,1, 'u' 'p',up,0.2559616230428219,puppy,puppy,3,968744
207,s179,207,51,2, 'p' 'p',pp,0.14398415060713887,puppy,puppy,3,805170
208,s179,208,51,3, 'p' 'y',py,0.1280051344074309,puppy,puppy,3,149099
209,s179,209,52,0,'c' 'h',ch,0.06392372259870172,champ,champ,3,3267507
210,s179,210,52,1, 'h' 'a',ha,0.12004875624552369,champ,champ,3,6967591
211,s179,211,52,2, 'a' 'm',am,0.13604157092049718,champ,champ,3,1610395
212,s179,212,52,3, 'm' 'p',mp,0.0719601009041071,champ,champ,3,1042198
213,s179,213,53,0,'z' 'o',vo,0.2561445767059922,vodka,zodka,2,368238
214,s179,214,53,1, 'o' 'd',od,0.19999403227120638,vodka,zodka,2,1013147
215,s179,215,53,2, 'd' 'k',dk,0.25586703792214394,vodka,zodka,2,5347
216,s179,216,53,3, 'k' 'a',ka,0.11208430211991072,vodka,zodka,2,60568
217,s179,217,54,0,'l' 'u',lu,0.14394920179620385,lucky,lucky,0,568081
218,s179,218,54,1, 'u' 'c',uc,0.4400744321756065,lucky,lucky,0,891233
219,s179,219,54,2, 'c' 'k',ck,0.04001502273604274,lucky,lucky,0,925655
220,s179,220,54,3, 'k' 'y',ky,0.6478778212331235,lucky,lucky,0,49764
221,s179,221,55,0,'h' 'a',ha,0.11200794205069542,haole,haole,2,6967591
222,s179,222,55,1, 'a' 'o',ao,0.10405799793079495,haole,haole,2,25487
223,s179,223,55,2, 'o' 'l',ol,0.2080643391236663,haole,haole,2,1804856
224,s179,224,55,3, 'l' 'e',le,0.11998785007745028,haole,haole,2,5038239
225,s179,225,56,0,'p' 'y',py,0.13606823096051812,pykka,pykka,3,149099
226,s179,226,56,1, 'y' 'k',yk,0.32791151525452733,pykka,pykka,3,4767
227,s179,227,56,2, 'k' 'k',kk,0.1440817709080875,pykka,pykka,3,1820
228,s179,228,56,3, 'k' 'a',ka,0.1359676020219922,pykka,pykka,3,60568
229,s179,229,57,0,'h' 'a',ha,0.1359230219386518,haole,haole,3,6967591
230,s179,230,57,1, 'a' 'o',ao,0.10407446511089802,haole,haole,3,25487
231,s179,231,57,2, 'o' 'l',ol,0.21590442722663283,haole,haole,3,1804856
232,s179,232,57,3, 'l' 'e',le,0.13610474299639463,haole,haole,3,5038239
233,s179,233,58,0,'e' 'd',ed,0.2479969928972423,edthe,edthe,2,7805967
234,s179,234,58,1, 'd' 't',dt,0.2800984741188586,edthe,edthe,2,11191
235,s179,235,58,2, 't' 'h',th,0.12784284679219127,edthe,edthe,2,22288309
236,s179,236,58,3, 'h' 'e',he,0.14404279412701726,edthe,edthe,2,21484684
237,s179,237,59,0,'v' 'a',va,0.14389618020504713,vanru,vanru,1,560130
238,s179,238,59,1, 'a' 'n',an,0.18403412587940693,vanru,vanru,1,12315713
239,s179,239,59,2, 'n' 'r',nr,0.1920513608492911,vanru,vanru,1,54341
240,s179,240,59,3, 'r' 'u',ru,0.1439115460962057,vanru,vanru,1,705492
241,s179,241,60,0,'f' 'a',fa,0.06399111775681376,faqir,faqir,2,1043958
242,s179,242,60,1, 'a' 'q',aq,0.25587750039994717,faqir,faqir,2,4924
243,s179,243,60,2, 'q' 'i',qi,0.2400000817142427,faqir,faqir,2,36
244,s179,244,60,3, 'i' 'r',ir,0.1839957251213491,faqir,faqir,2,2142678
245,s179,245,61,0,'d' 'r',dr,0.1919447248801589,druze,druze,2,
246,s179,246,61,1, 'r' 'u',ru,0.1280064983293414,druze,druze,2,705492
247,s179,247,61,2, 'u' 'z',uz,0.15206091990694404,druze,druze,2,
248,s179,248,61,3, 'z' 'e',ze,0.12797585874795914,druze,druze,2,
249,s179,249,62,0,'t' 'i',ti,0.10399532178416848,tithe,tithe,1,5135552
250,s179,250,62,1, 'i' 't',it,0.1598894940689206,tithe,tithe,1,6637233
251,s179,251,62,2, 't' 'h',th,0.16009985888376832,tithe,tithe,1,22288309
252,s179,252,62,3, 'h' 'e',he,0.16804139921441674,tithe,tithe,1,21484684
253,s179,253,63,0,'k' 'r',kr,0.15994065161794424,kremp,kremp,1,5683
254,s179,254,63,1, 'r' 'e',re,0.1040175692178309,kremp,kremp,1,10687711
255,s179,255,63,2, 'e' 'm',em,0.08799194917082787,kremp,kremp,1,2039661
256,s179,256,63,3, 'm' 'p',mp,0.1359291709959507,kremp,kremp,1,1042198
257,s179,257,64,0,'u' 'c',lu,0.5919964960776269,lucky,ucky,1,568081
258,s179,258,64,1, 'c' 'k',uc,0.16805135505273938,lucky,ucky,1,891233
259,s179,259,64,2, 'k' 'y',ck,0.20002065179869533,lucky,ucky,1,925655
260,s179,260,65,0,'v' 'o',vo,0.16804497316479683,vodka,vodka,3,368238
261,s179,261,65,1, 'o' 'd',od,0.20793158188462257,vodka,vodka,3,1013147
262,s179,262,65,2, 'd' 'k',dk,0.6961025572381914,vodka,vodka,3,5347
263,s179,263,65,3, 'k' 'a',ka,0.11990209901705384,vodka,vodka,3,60568
264,s179,264,66,0,'l' 'u',lu,0.22401766804978251,lucky,lucky,2,568081
265,s179,265,66,1, 'u' 'c',uc,0.2639926113188267,lucky,lucky,2,891233
266,s179,266,66,2, 'c' 'k',ck,0.12798603205010295,lucky,lucky,2,925655
267,s179,267,66,3, 'k' 'y',ky,0.19997624401003122,lucky,lucky,2,49764
268,s179,268,67,0,'h' 'e',he,0.09598248498514295,heond,heond,2,21484684
269,s179,269,67,1, 'e' 'o',eo,0.09592696372419596,heond,heond,2,305120
270,s179,270,67,2, 'o' 'n',on,0.1279968530870974,heond,heond,2,8830487
271,s179,271,67,3, 'n' 'd',nd,0.1840046551078558,heond,heond,2,9414961
272,s179,272,68,0,'a' 'b',ab,0.16805543610826135,about,about,2,1203849
273,s179,273,68,1, 'b' 'o',bo,0.15201885299757123,about,about,2,1140702
274,s179,274,68,2, 'o' 'u',ou,0.10402083862572908,about,about,2,7425307
275,s179,275,68,3, 'u' 't',ut,0.11198487225919962,about,about,2,3257233
276,s179,276,69,0,'v' 'a',va,0.1280474392697215,vanru,vanru,2,560130
277,s179,277,69,1, 'a' 'n',an,0.1838436108082533,vanru,vanru,2,12315713
278,s179,278,69,2, 'n' 'r',nr,0.27200738713145256,vanru,vanru,2,54341
279,s179,279,69,3, 'r' 'u',ru,0.1759966048412025,vanru,vanru,2,705492
280,s179,280,70,0,'a' 'b',ab,0.13608122197911143,about,about,3,1203849
281,s179,281,70,1, 'b' 'o',bo,0.15995725616812706,about,about,3,1140702
282,s179,282,70,2, 'o' 'u',ou,0.08795018075034022,about,about,3,7425307
283,s179,283,70,3, 'u' 't',ut,0.12801404111087322,about,about,3,3257233
284,s179,284,71,0,'t' 'h',th,0.0880395108833909,think,think,1,22288309
285,s179,285,71,1, 'h' 'i',hi,0.08790153823792934,think,think,1,6198006
286,s179,286,71,2, 'i' 'n',in,0.1680636927485466,think,think,1,13597302
287,s179,287,71,3, 'n' 'k',nk,0.14405604731291533,think,think,1,445067
288,s179,288,72,0,'z' 'i',zi,0.14391108928248286,zibja,zibja,2,54565
289,s179,289,72,1, 'i' 'b',ib,0.20798754505813122,zibja,zibja,2,493267
290,s179,290,72,2, 'b' 'j',bj,0.20000062603503466,zibja,zibja,2,105433
291,s179,291,72,3, 'j' 'a',ja,0.10409241961315274,zibja,zibja,2,40073
292,s179,292,73,0,'e' 'd',ed,0.25613975804299116,edthe,edthe,3,7805967
293,s179,293,73,1, 'd' 't',dt,0.31194145791232586,edthe,edthe,3,11191
294,s179,294,73,2, 't' 'h',th,0.11205287603661418,edthe,edthe,3,22288309
295,s179,295,73,3, 'h' 'e',he,0.13599123107269406,edthe,edthe,3,21484684
296,s179,296,74,0,'t' 'h',th,0.09597640438005328,there,there,3,22288309
297,s179,297,74,1, 'h' 'e',he,0.1439442136324942,there,there,3,21484684
298,s179,298,74,2, 'e' 'r',er,0.06397184310480952,there,there,3,12934901
299,s179,299,74,3, 'r' 'e',re,0.12802352290600538,there,there,3,10687711
300,s179,300,75,0,'f' 'a',fa,0.128042827360332,faqir,faqir,3,1043958
301,s179,301,75,1, 'a' 'q',aq,0.4800614370033145,faqir,faqir,3,4924
302,s179,302,75,2, 'q' 'i',qi,0.4319693245925009,faqir,faqir,3,36
303,s179,303,75,3, 'i' 'r',ir,0.1279858499765396,faqir,faqir,3,2142678
304,s179,304,76,0,'k' 'r',kr,0.12008070712909102,kremp,kremp,2,5683
305,s179,305,76,1, 'r' 'e',re,0.09593974472954869,kremp,kremp,2,10687711
306,s179,306,76,2, 'e' 'm',em,0.1680739871226251,kremp,kremp,2,2039661
307,s179,307,76,3, 'm' 'p',mp,0.08803190803155303,kremp,kremp,2,1042198
308,s179,308,77,0,'t' 'h',th,0.11993569694459438,there,there,4,22288309
309,s179,309,77,1, 'h' 'e',he,0.15200156904757023,there,there,4,21484684
310,s179,310,77,2, 'e' 'r',er,0.07206320017576218,there,there,4,12934901
311,s179,311,77,3, 'r' 'e',re,0.11996542103588581,there,there,4,10687711
312,s179,312,78,0,'t' 'h',th,0.10393515275791287,theme,theme,3,22288309
313,s179,313,78,1, 'h' 'e',he,0.15192679082974792,theme,theme,3,21484684
314,s179,314,78,2, 'e' 'm',em,0.1361149880103767,theme,theme,3,2039661
315,s179,315,78,3, 'm' 'e',me,0.12000196101143956,theme,theme,3,4724108
316,s179,316,79,0,'w' 'o',wo,0.11200311407446861,would,would,2,1723496
317,s179,317,79,1, 'o' 'u',ou,0.10410399502143264,would,would,2,7425307
318,s179,318,79,2, 'u' 'l',ul,0.1760151400230825,would,would,2,2181271
319,s179,319,79,3, 'l' 'd',ld,0.1360229142010212,would,would,2,2012500
320,s179,320,80,0,'t' 'h',th,0.07206200901418924,think,think,2,22288309
321,s179,321,80,1, 'h' 'i',hi,0.11187276476994157,think,think,2,6198006
322,s179,322,80,2, 'i' 'n',in,0.16000010119751096,think,think,2,13597302
323,s179,323,80,3, 'n' 'k',nk,0.1441416759043932,think,think,2,445067
324,s179,324,81,0,'b' 'e',be,0.18398044863715768,belly,belly,2,3798740
325,s179,325,81,1, 'e' 'l',el,0.13610062235966325,belly,belly,2,3235254
326,s179,326,81,2, 'l' 'l',ll,0.13606374384835362,belly,belly,2,4235407
327,s179,327,81,3, 'l' 'y',ly,0.15991444792598486,belly,belly,2,2589130
328,s179,328,82,0,'v' 'o',vo,0.20000290405005217,vodka,vodka,4,368238
329,s179,329,82,1, 'o' 'd',od,0.13612701511010528,vodka,vodka,4,1013147
330,s179,330,82,2, 'd' 'k',dk,0.1439369609579444,vodka,vodka,4,5347
331,s179,331,82,3, 'k' 'a',ka,0.15999790513888001,vodka,vodka,4,60568
332,s179,332,83,0,'b' 'e',be,0.16004020813852549,belly,belly,3,3798740
333,s179,333,83,1, 'e' 'l',el,0.10389921301975846,belly,belly,3,3235254
334,s179,334,83,2, 'l' 'l',ll,0.136028615757823,belly,belly,3,4235407
335,s179,335,83,3, 'l' 'y',ly,0.15997557528316975,belly,belly,3,2589130
336,s179,336,84,0,'t' 'i',ti,0.1199181079864502,tithe,tithe,2,5135552
337,s179,337,84,1, 'i' 't',it,0.2080232403241098,tithe,tithe,2,6637233
338,s179,338,84,2, 't' 'h',th,0.07209052983671427,tithe,tithe,2,22288309
339,s179,339,84,3, 'h' 'e',he,0.17602176405489445,tithe,tithe,2,21484684
340,s179,340,85,0,'a' 'b',ab,0.1359319188632071,about,about,4,1203849
341,s179,341,85,1, 'b' 'o',bo,0.1599416257813573,about,about,4,1140702
342,s179,342,85,2, 'o' 'u',ou,0.08807645598426461,about,about,4,7425307
343,s179,343,85,3, 'u' 't',ut,0.16805360419675708,about,about,4,3257233
344,s179,344,86,0,'q' 'o',wo,0.12008192576467991,would,qould,3,1723496
345,s179,345,86,1, 'o' 'u',ou,0.05586739629507065,would,qould,3,7425307
346,s179,346,86,2, 'u' 'l',ul,0.1760124289430678,would,qould,3,2181271
347,s179,347,86,3, 'l' 'd',ld,0.14405496791005135,would,qould,3,2012500
348,s179,348,87,0,'d' 'r',dr,0.16804585373029113,druze,druze,3,
349,s179,349,87,1, 'r' 'u',ru,0.14398191403597593,druze,druze,3,705492
350,s179,350,87,2, 'u' 'z',uz,0.16009898204356432,druze,druze,3,
351,s179,351,87,3, 'z' 'e',ze,0.1759460661560297,druze,druze,3,
352,s179,352,88,0,'t' 'h',th,0.10410390002653003,theme,theme,4,22288309
353,s179,353,88,1, 'h' 'e',he,0.12790495622903109,theme,theme,4,21484684
354,s179,354,88,2, 'e' 'm',em,0.15199257899075747,theme,theme,4,2039661
355,s179,355,88,3, 'm' 'e',me,0.12008874909952283,theme,theme,4,4724108
356,s179,356,89,0,'t' 'i',ti,0.10396937001496553,tithe,tithe,3,5135552
357,s179,357,89,1, 'i' 't',it,0.11208572890609503,tithe,tithe,3,6637233
358,s179,358,89,2, 't' 'h',th,0.15201256284490228,tithe,tithe,3,22288309
359,s179,359,89,3, 'h' 'e',he,0.14394710725173354,tithe,tithe,3,21484684
360,s179,360,90,0,'c' 'h',ch,0.20014277985319495,cheer,cheer,2,3267507
361,s179,361,90,1, 'h' 'e',he,0.2158666322939098,cheer,cheer,2,21484684
362,s179,362,90,2, 'e' 'e',ee,0.13598022796213627,cheer,cheer,2,2839722
363,s179,363,90,3, 'e' 'r',er,0.18401740211993456,cheer,cheer,2,12934901
364,s179,364,91,0,'l' 'u',lu,0.15993430465459824,lucky,lucky,3,568081
365,s179,365,91,1, 'u' 'c',uc,0.24794112192466855,lucky,lucky,3,891233
366,s179,366,91,2, 'c' 'k',ck,0.1360208773985505,lucky,lucky,3,925655
367,s179,367,91,3, 'k' 'y',ky,0.19212555466219783,lucky,lucky,3,49764
368,s179,368,92,0,'h' 'e',he,0.1119710118509829,heond,heond,3,21484684
369,s179,369,92,1, 'e' 'o',eo,0.08813334675505757,heond,heond,3,305120
370,s179,370,92,2, 'o' 'n',on,0.1359660690650344,heond,heond,3,8830487
371,s179,371,92,3, 'n' 'd',nd,0.16791006131097674,heond,heond,3,9414961
372,s179,372,93,0,'t' 'h',th,0.10386537201702595,therm,therm,3,22288309
373,s179,373,93,1, 'h' 'e',he,0.136130855884403,therm,therm,3,21484684
374,s179,374,93,2, 'e' 'r',er,0.0880005988292396,therm,therm,3,12934901
375,s179,375,93,3, 'r' 'm',rm,0.119960131123662,therm,therm,3,905131
376,s179,376,94,0,'t' 'i',ti,0.14391862601041794,tithe,tithe,4,5135552
377,s179,377,94,1, 'i' 't',it,0.18406939785927534,tithe,tithe,4,6637233
378,s179,378,94,2, 't' 'h',th,0.12800059001892805,tithe,tithe,4,22288309
379,s179,379,94,3, 'h' 'e',he,0.14397168392315507,tithe,tithe,4,21484684
380,s179,380,95,0,'h' 'a',ha,0.14400180103257298,haole,haole,4,6967591
381,s179,381,95,1, 'a' 'o',ao,0.12005426082760096,haole,haole,4,25487
382,s179,382,95,2, 'o' 'l',ol,0.22397619113326073,haole,haole,4,1804856
383,s179,383,95,3, 'l' 'e',le,0.14401911478489637,haole,haole,4,5038239
384,s179,384,96,0,'d' 'r',dr,0.1680809441022575,druze,druze,4,
385,s179,385,96,1, 'r' 'u',ru,0.1600125040858984,druze,druze,4,705492
386,s179,386,96,2, 'u' 'z',uz,0.12793757067993283,druze,druze,4,
387,s179,387,96,3, 'z' 'e',ze,0.14393056323751807,druze,druze,4,
388,s179,388,97,0,'h' 'e',he,0.11999820405617356,heond,heond,4,21484684
389,s179,389,97,1, 'e' 'o',eo,0.1038812710903585,heond,heond,4,305120
390,s179,390,97,2, 'o' 'n',on,0.12011605175212026,heond,heond,4,8830487
391,s179,391,97,3, 'n' 'd',nd,0.2239682963117957,heond,heond,4,9414961
392,s179,392,98,0,'p' 'u',pu,0.14398161880671978,puppy,puppy,4,514720
393,s179,393,98,1, 'u' 'p',up,0.2640060209669173,puppy,puppy,4,968744
394,s179,394,98,2, 'p' 'p',pp,0.13600143138319254,puppy,puppy,4,805170
395,s179,395,98,3, 'p' 'y',py,0.15193287003785372,puppy,puppy,4,149099
396,s179,396,99,0,'w' 'o',wo,0.08800593065097928,would,would,4,1723496
397,s179,397,99,1, 'o' 'u',ou,0.08017105935141444,would,would,4,7425307
398,s179,398,99,2, 'u' 'l',ul,0.1839708467014134,would,would,4,2181271
399,s179,399,99,3, 'l' 'd',ld,0.1359023661352694,would,would,4,2012500
400,s179,400,100,0,'k' 'r',kr,0.1680544470436871,kremp,kremp,3,5683
401,s179,401,100,1, 'r' 'e',re,0.11203739373013377,kremp,kremp,3,10687711
402,s179,402,100,2, 'e' 'm',em,0.0639522448182106,kremp,kremp,3,2039661
403,s179,403,100,3, 'm' 'p',mp,0.15192312700673938,kremp,kremp,3,1042198
404,s179,404,101,0,'l' 'u',lu,0.17595259007066488,lucky,lucky,4,568081
405,s179,405,101,1, 'u' 'c',uc,0.2240483076311648,lucky,lucky,4,891233
406,s179,406,101,2, 'c' 'k',ck,0.11995475506410003,lucky,lucky,4,925655
407,s179,407,101,3, 'k' 'y',ky,0.17592276586219668,lucky,lucky,4,49764
408,s179,408,102,0,'t' 'h',th,0.07204189011827111,think,think,3,22288309
409,s179,409,102,1, 'h' 'i',hi,0.11193511681631207,think,think,3,6198006
410,s179,410,102,2, 'i' 'n',in,0.1759834149852395,think,think,3,13597302
411,s179,411,102,3, 'n' 'k',nk,0.14401970990002155,think,think,3,445067
412,s179,412,103,0,'b' 'u',bu,0.24004066130146384,buddy,buddy,3,1183063
413,s179,413,103,1, 'u' 'd',ud,0.21591159189119935,buddy,buddy,3,458716
414,s179,414,103,2, 'd' 'd',dd,0.16004727315157652,buddy,buddy,3,306083
415,s179,415,103,3, 'd' 'y',dy,0.09602922992780805,buddy,buddy,3,360103
416,s179,416,104,0,'z' 'i',zi,0.1439540907740593,zibja,zibja,3,54565
417,s179,417,104,1, 'i' 'b',ib,0.17597960028797388,zibja,zibja,3,493267
418,s179,418,104,2, 'b' 'j',bj,0.23207128001376987,zibja,zibja,3,105433
419,s179,419,104,3, 'j' 'a',ja,0.11200213991105556,zibja,zibja,3,40073
420,s179,420,105,0,'v' 'a',va,0.1519898041151464,vanru,vanru,3,560130
421,s179,421,105,1, 'a' 'n',an,0.18397099059075117,vanru,vanru,3,12315713
422,s179,422,105,2, 'n' 'r',nr,0.14392456831410527,vanru,vanru,3,54341
423,s179,423,105,3, 'r' 'u',ru,0.14400326693430543,vanru,vanru,3,705492
424,s179,424,106,0,'c' 'o',co,0.2799874460324645,cooed,cooed,4,3609272
425,s179,425,106,1, 'o' 'o',oo,0.13605252420529723,cooed,cooed,4,1933683
426,s179,426,106,2, 'o' 'e',oe,0.08802346885204315,cooed,cooed,4,270012
427,s179,427,106,3, 'e' 'd',ed,0.2320561450906098,cooed,cooed,4,7805967
428,s179,428,107,0,'c' 'h',ch,0.16009830124676228,cheer,cheer,3,3267507
429,s179,429,107,1, 'h' 'e',he,0.2080073389224708,cheer,cheer,3,21484684
430,s179,430,107,2, 'e' 'e',ee,0.1600598180666566,cheer,cheer,3,2839722
431,s179,431,107,3, 'e' 'r',er,0.13593021966516972,cheer,cheer,3,12934901
432,s179,432,108,0,'p' 'y',py,0.1279196091927588,pykka,pykka,4,149099
433,s179,433,108,1, 'y' 'k',yk,0.30407928861677647,pykka,pykka,4,4767
434,s179,434,108,2, 'k' 'k',kk,0.14389820536598563,pykka,pykka,4,1820
435,s179,435,108,3, 'k' 'a',ka,0.18409470887854695,pykka,pykka,4,60568
436,s179,436,109,0,'e' 'd',ed,0.22400887589901686,edthe,edthe,4,7805967
437,s179,437,109,1, 'd' 't',dt,0.27994559705257416,edthe,edthe,4,11191
438,s179,438,109,2, 't' 'h',th,0.1440334813669324,edthe,edthe,4,22288309
439,s179,439,109,3, 'h' 'e',he,0.15197324380278587,edthe,edthe,4,21484684
440,s179,440,110,0,'t' 'h',th,0.0880638430826366,therm,therm,4,22288309
441,s179,441,110,1, 'h' 'e',he,0.09608473675325513,therm,therm,4,21484684
442,s179,442,110,2, 'e' 'r',er,0.09588359203189611,therm,therm,4,12934901
443,s179,443,110,3, 'r' 'm',rm,0.11198134627193213,therm,therm,4,905131
444,s179,444,111,0,'z' 'i',zi,0.1120431749150157,zibja,zibja,4,54565
445,s179,445,111,1, 'i' 'b',ib,0.18395983893424273,zibja,zibja,4,493267
446,s179,446,111,2, 'b' 'j',bj,0.21600651508197188,zibja,zibja,4,105433
447,s179,447,111,3, 'j' 'a',ja,0.13593628676608205,zibja,zibja,4,40073
448,s179,448,112,0,'f' 'a',fa,0.1520033348351717,faqir,faqir,4,1043958
449,s179,449,112,1, 'a' 'q',aq,0.35193066112697124,faqir,faqir,4,4924
450,s179,450,112,2, 'q' 'i',qi,0.3360502449795604,faqir,faqir,4,36
451,s179,451,112,3, 'i' 'r',ir,0.12009508116170764,faqir,faqir,4,2142678
452,s179,452,113,0,'k' 'r',kr,0.0960948821157217,kremp,kremp,4,5683
453,s179,453,113,1, 'r' 'e',re,0.08789025293663144,kremp,kremp,4,10687711
454,s179,454,113,2, 'e' 'm',em,0.08008072432130575,kremp,kremp,4,2039661
455,s179,455,113,3, 'm' 'p',mp,0.1519088428467512,kremp,kremp,4,1042198
456,s179,456,114,0,'b' 'u',bu,0.24001103593036532,buddy,buddy,4,1183063
457,s179,457,114,1, 'u' 'd',ud,0.20005973195657134,buddy,buddy,4,458716
458,s179,458,114,2, 'd' 'd',dd,0.1359543688595295,buddy,buddy,4,306083
459,s179,459,114,3, 'd' 'y',dy,0.1039211698807776,buddy,buddy,4,360103
460,s179,460,115,0,'c' 'v',va,0.0,vanru,cvanru,4,560130
461,s179,461,115,1, 'v' 'a',an,0.5839998023584485,vanru,cvanru,4,12315713
462,s179,462,115,2, 'a' 'n',nr,0.14396589482203126,vanru,cvanru,4,54341
463,s179,463,115,3, 'n' 'r',ru,0.19196562422439456,vanru,cvanru,4,705492
464,s179,464,115,4, 'r' 'u',,0.12792829191312194,vanru,cvanru,4,
465,s179,465,116,0,'c' 'h',ch,0.0960677107796073,champ,champ,4,3267507
466,s179,466,116,1, 'h' 'a',ha,0.10386553918942809,champ,champ,4,6967591
467,s179,467,116,2, 'a' 'm',am,0.11200756067410111,champ,champ,4,1610395
468,s179,468,116,3, 'm' 'p',mp,0.12002866715192795,champ,champ,4,1042198
469,s179,469,117,0,'c' 'h',ch,0.19199555600062013,cheer,cheer,4,3267507
470,s179,470,117,1, 'h' 'e',he,0.24010743433609605,cheer,cheer,4,21484684
471,s179,471,117,2, 'e' 'e',ee,0.14394930377602577,cheer,cheer,4,2839722
472,s179,472,117,3, 'e' 'r',er,0.12802914204075933,cheer,cheer,4,12934901
473,s179,473,118,0,'t' 'h',th,0.047920020297169685,think,think,4,22288309
474,s179,474,118,1, 'h' 'i',hi,0.10406906064599752,think,think,4,6198006
475,s179,475,118,2, 'i' 'n',in,0.19206973211839795,think,think,4,13597302
476,s179,476,118,3, 'n' 'k',nk,0.1598836798220873,think,think,4,445067
477,s179,477,119,0,'b' 'e',be,0.15992583613842726,belly,belly,4,3798740
478,s179,478,119,1, 'e' 'l',el,0.15996940713375807,belly,belly,4,3235254
479,s179,479,119,2, 'l' 'l',ll,0.1279587927274406,belly,belly,4,4235407
480,s179,480,119,3, 'l' 'y',ly,0.24009422399103642,belly,belly,4,2589130
481,s179,481,120,0,'h' 'a',ha,0.11998366611078382,haole,haole,5,6967591
482,s179,482,120,1, 'a' 'o',ao,0.06403457885608077,haole,haole,5,25487
483,s179,483,120,2, 'o' 'l',ol,0.1918953349813819,haole,haole,5,1804856
484,s179,484,120,3, 'l' 'e',le,0.12009131396189332,haole,haole,5,5038239
485,s179,485,121,0,'t' 'h',th,0.07201861729845405,there,there,5,22288309
486,s179,486,121,1, 'h' 'e',he,0.12802326772361994,there,there,5,21484684
487,s179,487,121,2, 'e' 'r',er,0.07207135809585452,there,there,5,12934901
488,s179,488,121,3, 'r' 'e',re,0.11200039787217975,there,there,5,10687711
489,s179,489,122,0,'t' 'h',th,0.04796459712088108,think,think,5,22288309
490,s179,490,122,1, 'h' 'i',hi,0.11992397624999285,think,think,5,6198006
491,s179,491,122,2, 'i' 'n',in,0.16813548794016242,think,think,5,13597302
492,s179,492,122,3, 'n' 'k',nk,0.18394933501258492,think,think,5,445067
493,s179,493,123,0,'t' 'i',ti,0.3759412560611963,tithe,tithe,5,5135552
494,s179,494,123,1, 'i' 't',it,0.3200618168339133,tithe,tithe,5,6637233
495,s179,495,123,2, 't' 'h',th,0.15992164937779307,tithe,tithe,5,22288309
496,s179,496,123,3, 'h' 'e',he,0.15215997863560915,tithe,tithe,5,21484684
497,s179,497,124,0,'d' 'r',dr,0.24782884307205677,druze,druze,5,
498,s179,498,124,1, 'r' 'u',ru,0.20800700690597296,druze,druze,5,705492
499,s179,499,124,2, 'u' 'z',uz,0.1280047670006752,druze,druze,5,
500,s179,500,124,3, 'z' 'e',ze,0.16015010280534625,druze,druze,5,
501,s179,501,125,0,'h' 'e',he,0.08013167791068554,heond,heond,5,21484684
502,s179,502,125,1, 'e' 'o',eo,0.11187680810689926,heond,heond,5,305120
503,s179,503,125,2, 'o' 'n',on,0.1279745320789516,heond,heond,5,8830487
504,s179,504,125,3, 'n' 'd',nd,0.16813066974282265,heond,heond,5,9414961
505,s179,505,126,0,'w' 'o',wo,0.09602469624951482,would,would,5,1723496
506,s179,506,126,1, 'o' 'u',ou,0.09599617682397366,would,would,5,7425307
507,s179,507,126,2, 'u' 'l',ul,0.1839847662486136,would,would,5,2181271
508,s179,508,126,3, 'l' 'd',ld,0.14399573300033808,would,would,5,2012500
509,s179,509,127,0,'p' 'y',py,0.12007219810038805,pykka,pykka,5,149099
510,s179,510,127,1, 'y' 'k',yk,0.3439227370545268,pykka,pykka,5,4767
511,s179,511,127,2, 'k' 'k',kk,0.12799973599612713,pykka,pykka,5,1820
512,s179,512,127,3, 'k' 'a',ka,0.1360840550623834,pykka,pykka,5,60568
513,s179,513,128,0,'h' 'e',he,0.14394715800881386,heond,heond,6,21484684
514,s179,514,128,1, 'e' 'o',eo,0.08003857685253024,heond,heond,6,305120
515,s179,515,128,2, 'o' 'n',on,0.13599424809217453,heond,heond,6,8830487
516,s179,516,128,3, 'n' 'd',nd,0.23189455410465598,heond,heond,6,9414961
517,s179,517,129,0,'a' 'b',ab,0.12787752272561193,about,about,5,1203849
518,s179,518,129,1, 'b' 'o',bo,0.1760049150325358,about,about,5,1140702
519,s179,519,129,2, 'o' 'u',ou,0.12798837991431355,about,about,5,7425307
520,s179,520,129,3, 'u' 't',ut,0.1520187882706523,about,about,5,3257233
521,s179,521,130,0,'e' 'd',ed,0.2320131128653884,edthe,edthe,5,7805967
522,s179,522,130,1, 'd' 't',dt,0.17605810100212693,edthe,edthe,5,11191
523,s179,523,130,2, 't' 'h',th,0.10397259518504143,edthe,edthe,5,22288309
524,s179,524,130,3, 'h' 'e',he,0.12806663662195206,edthe,edthe,5,21484684
525,s179,525,131,0,'p' 'u',pu,0.1200584601610899,puppy,puppy,5,514720
526,s179,526,131,1, 'u' 'p',up,0.2718884558416903,puppy,puppy,5,968744
527,s179,527,131,2, 'p' 'p',pp,0.16808241000398993,puppy,puppy,5,805170
528,s179,528,131,3, 'p' 'y',py,0.12001173617318273,puppy,puppy,5,149099
529,s179,529,132,0,'b' 'e',be,0.1840907740406692,belly,belly,5,3798740
530,s179,530,132,1, 'e' 'l',el,0.24782692128792405,belly,belly,5,3235254
531,s179,531,132,2, 'l' 'l',ll,0.1440955107100308,belly,belly,5,4235407
532,s179,532,132,3, 'l' 'y',ly,0.2000257303006947,belly,belly,5,2589130
533,s179,533,133,0,'k' 'r',kr,0.15996774286031723,kremp,kremp,5,5683
534,s179,534,133,1, 'r' 'e',re,0.1279948870651424,kremp,kremp,5,10687711
535,s179,535,133,2, 'e' 'm',em,0.0560171059332788,kremp,kremp,5,2039661
536,s179,536,133,3, 'm' 'p',mp,0.16794243501499295,kremp,kremp,5,1042198
537,s179,537,134,0,'h' 'a',ha,0.14391574077308178,haole,haole,6,6967591
538,s179,538,134,1, 'a' 'o',ao,0.12810116121545434,haole,haole,6,25487
539,s179,539,134,2, 'o' 'l',ol,0.2400180879049003,haole,haole,6,1804856
540,s179,540,134,3, 'l' 'e',le,0.12804736709222198,haole,haole,6,5038239
541,s179,541,135,0,'e' 'd',ed,0.22388155665248632,edthe,edthe,6,7805967
542,s179,542,135,1, 'd' 't',dt,0.23999063996598125,edthe,edthe,6,11191
543,s179,543,135,2, 't' 'h',th,0.10406682128086686,edthe,edthe,6,22288309
544,s179,544,135,3, 'h' 'e',he,0.12001084070652723,edthe,edthe,6,21484684
545,s179,545,136,0,'w' 'o',wo,0.048010246362537146,would,would,6,1723496
546,s179,546,136,1, 'o' 'u',ou,0.208038326818496,would,would,6,7425307
547,s179,547,136,2, 'u' 'l',ul,0.21583491982892156,would,would,6,2181271
548,s179,548,136,3, 'l' 'd',ld,0.14399745129048824,would,would,6,2012500
549,s179,549,137,0,'c' 'o',co,0.24812802905216813,cooed,cooed,5,3609272
550,s179,550,137,1, 'o' 'o',oo,0.14389844285324216,cooed,cooed,5,1933683
551,s179,551,137,2, 'o' 'e',oe,0.1040990469045937,cooed,cooed,5,270012
552,s179,552,137,3, 'e' 'd',ed,0.26395340310409665,cooed,cooed,5,7805967
553,s179,553,138,0,'l' 'u',lu,0.20796652464196086,lucky,lucky,5,568081
554,s179,554,138,1, 'u' 'c',uc,0.24005749635398388,lucky,lucky,5,891233
555,s179,555,138,2, 'c' 'k',ck,0.1360516706481576,lucky,lucky,5,925655
556,s179,556,138,3, 'k' 'y',ky,0.2079102792777121,lucky,lucky,5,49764
557,s179,557,139,0,'d' 'r',dr,0.15186113212257624,druze,druze,6,
558,s179,558,139,1, 'r' 'u',ru,0.1441215886734426,druze,druze,6,705492
559,s179,559,139,2, 'u' 'z',uz,0.15990095492452383,druze,druze,6,
560,s179,560,139,3, 'z' 'e',ze,0.15209426637738943,druze,druze,6,
561,s179,561,140,0,'t' 'h',th,0.11994265019893646,therm,therm,5,22288309
562,s179,562,140,1, 'h' 'e',he,0.14409643411636353,therm,therm,5,21484684
563,s179,563,140,2, 'e' 'r',er,0.09600962698459625,therm,therm,5,12934901
564,s179,564,140,3, 'r' 'm',rm,0.10400177584961057,therm,therm,5,905131
565,s179,565,141,0,'z' 'u',zi,0.1760377250611782,zibja,zubja,5,54565
566,s179,566,141,1, 'u' 'b',ib,0.23988429317250848,zibja,zubja,5,493267
567,s179,567,141,2, 'b' 'j',bj,0.24003909109160304,zibja,zubja,5,105433
568,s179,568,141,3, 'j' 'a',ja,0.1119528696872294,zibja,zubja,5,40073
569,s179,569,142,0,'v' 'o',vo,0.23992105992510915,vodka,vodka,5,368238
570,s179,570,142,1, 'o' 'd',od,0.19208065420389175,vodka,vodka,5,1013147
571,s179,571,142,2, 'd' 'k',dk,0.1359566869214177,vodka,vodka,5,5347
572,s179,572,142,3, 'k' 'a',ka,0.1439993241801858,vodka,vodka,5,60568
573,s179,573,143,0,'k' 'r',kr,0.13599601527675986,kremp,kremp,6,5683
574,s179,574,143,1, 'r' 'e',re,0.10410620598122478,kremp,kremp,6,10687711
575,s179,575,143,2, 'e' 'm',em,0.08789591677486897,kremp,kremp,6,2039661
576,s179,576,143,3, 'm' 'p',mp,0.12000585999339819,kremp,kremp,6,1042198
577,s179,577,144,0,'b' 'u',bu,0.2638921900652349,buddy,buddy,5,1183063
578,s179,578,144,1, 'u' 'd',ud,0.1840097620151937,buddy,buddy,5,458716
579,s179,579,144,2, 'd' 'd',dd,0.1601972971111536,buddy,buddy,5,306083
580,s179,580,144,3, 'd' 'y',dy,0.11192091880366206,buddy,buddy,5,360103
581,s179,581,145,0,'c' 'h',ch,0.09598609618842602,champ,champ,5,3267507
582,s179,582,145,1, 'h' 'a',ha,0.15997140761464834,champ,champ,5,6967591
583,s179,583,145,2, 'a' 'm',am,0.08804371440783143,champ,champ,5,1610395
584,s179,584,145,3, 'm' 'p',mp,0.11193541763350368,champ,champ,5,1042198
585,s179,585,146,0,'a' 'b',ab,0.1358978869393468,about,about,6,1203849
586,s179,586,146,1, 'b' 'o',bo,0.16803507413715124,about,about,6,1140702
587,s179,587,146,2, 'o' 'u',ou,0.1120326230302453,about,about,6,7425307
588,s179,588,146,3, 'u' 't',ut,0.17605568887665868,about,about,6,3257233
589,s179,589,147,0,'c' 'h',ch,0.1359444810077548,cheer,cheer,5,3267507
590,s179,590,147,1, 'h' 'e',he,0.20811707200482488,cheer,cheer,5,21484684
591,s179,591,147,2, 'e' 'e',ee,0.16800138214603066,cheer,cheer,5,2839722
592,s179,592,147,3, 'e' 'r',er,0.13587556406855583,cheer,cheer,5,12934901
593,s179,593,148,0,'t' 'h',th,0.08785690693184733,think,think,6,22288309
594,s179,594,148,1, 'h' 'i',hi,0.10407425183802843,think,think,6,6198006
595,s179,595,148,2, 'i' 'n',in,0.16791578894481063,think,think,6,13597302
596,s179,596,148,3, 'n' 'k',nk,0.16009598784148693,think,think,6,445067
597,s179,597,149,0,'d' 'r',dr,0.18407433200627565,druze,druze,7,
598,s179,598,149,1, 'r' 'u',ru,0.18399491673335433,druze,druze,7,705492
599,s179,599,149,2, 'u' 'z',uz,0.1440347102470696,druze,druze,7,
600,s179,600,149,3, 'z' 'e',ze,0.1200125077739358,druze,druze,7,
601,s179,601,150,0,'v' 'a',va,0.1360656302422285,vanru,vanru,5,560130
602,s179,602,150,1, 'a' 'n',an,0.18394811684265733,vanru,vanru,5,12315713
603,s179,603,150,2, 'n' 'r',nr,0.12806386221200228,vanru,vanru,5,54341
604,s179,604,150,3, 'r' 'u',ru,0.1839724499732256,vanru,vanru,5,705492
605,s179,605,151,0,'z' 'i',zi,0.1599925011396408,zibja,zibja,6,54565
606,s179,606,151,1, 'i' 'b',ib,0.20797096425667405,zibja,zibja,6,493267
607,s179,607,151,2, 'b' 'j',bj,0.3679458065889776,zibja,zibja,6,105433
608,s179,608,151,3, 'j' 'a',ja,0.1920741694048047,zibja,zibja,6,40073
609,s179,609,152,0,'b' 'e',be,0.1521166991442442,belly,belly,6,3798740
610,s179,610,152,1, 'e' 'l',el,0.15204080007970333,belly,belly,6,3235254
611,s179,611,152,2, 'l' 'l',ll,0.14397040707990527,belly,belly,6,4235407
612,s179,612,152,3, 'l' 'y',ly,0.1519305668771267,belly,belly,6,2589130
613,s179,613,153,0,'a' 'b',ab,0.1040232889354229,about,about,7,1203849
614,s179,614,153,1, 'b' 'o',bo,0.16787878097966313,about,about,7,1140702
615,s179,615,153,2, 'o' 'u',ou,0.08817422296851873,about,about,7,7425307
616,s179,616,153,3, 'u' 't',ut,0.1518522617407143,about,about,7,3257233
617,s179,617,154,0,'c' 'h',ch,0.10395254194736481,champ,champ,6,3267507
618,s179,618,154,1, 'h' 'a',ha,0.14404646819457412,champ,champ,6,6967591
619,s179,619,154,2, 'a' 'm',am,0.10401253309100866,champ,champ,6,1610395
620,s179,620,154,3, 'm' 'p',mp,0.12787649873644114,champ,champ,6,1042198
621,s179,621,155,0,'p' 'y',py,0.12808404117822647,pykka,pykka,6,149099
622,s179,622,155,1, 'y' 'k',yk,0.3119852850213647,pykka,pykka,6,4767
623,s179,623,155,2, 'k' 'k',kk,0.14390153717249632,pykka,pykka,6,1820
624,s179,624,155,3, 'k' 'a',ka,0.15208947286009789,pykka,pykka,6,60568
625,s179,625,156,0,'t' 'h',th,0.1519866087473929,there,there,6,22288309
626,s179,626,156,1, 'h' 'e',he,0.15189379593357444,there,there,6,21484684
627,s179,627,156,2, 'e' 'r',er,0.08800369733944535,there,there,6,12934901
628,s179,628,156,3, 'r' 'e',re,0.1279724040068686,there,there,6,10687711
629,s179,629,157,0,'t' 'h',th,0.13603335479274392,think,think,7,22288309
630,s179,630,157,1, 'h' 'i',hi,0.09593373723328114,think,think,7,6198006
631,s179,631,157,2, 'i' 'n',in,0.18409885466098785,think,think,7,13597302
632,s179,632,157,3, 'n' 'k',nk,0.18385426001623273,think,think,7,445067
633,s179,633,158,0,'t' 'h',th,0.1359151341021061,there,there,7,22288309
634,s179,634,158,1, 'h' 'e',he,0.11197849689051509,there,there,7,21484684
635,s179,635,158,2, 'e' 'r',er,0.09605290228500962,there,there,7,12934901
636,s179,636,158,3, 'r' 'e',re,0.11999656679108739,there,there,7,10687711
637,s179,637,159,0,'z' 'i',zi,0.11990208504721522,zibja,zibja,7,54565
638,s179,638,159,1, 'i' 'b',ib,0.1999984933063388,zibja,zibja,7,493267
639,s179,639,159,2, 'b' 'j',bj,0.2400524839758873,zibja,zibja,7,105433
640,s179,640,159,3, 'j' 'a',ja,0.11195054790005088,zibja,zibja,7,40073
641,s179,641,160,0,'t' 'h',th,0.11189421592280269,therm,therm,6,22288309
642,s179,642,160,1, 'h' 'e',he,0.1120560890994966,therm,therm,6,21484684
643,s179,643,160,2, 'e' 'r',er,0.07988980505615473,therm,therm,6,12934901
644,s179,644,160,3, 'r' 'm',rm,0.16002639615908265,therm,therm,6,905131
645,s179,645,161,0,'p' 'u',pu,0.13602271489799023,puppy,puppy,6,514720
646,s179,646,161,1, 'u' 'p',up,0.33596324920654297,puppy,puppy,6,968744
647,s179,647,161,2, 'p' 'p',pp,0.16803814470767975,puppy,puppy,6,805170
648,s179,648,161,3, 'p' 'y',py,0.1440675901249051,puppy,puppy,6,149099
649,s179,649,162,0,'h' 'e',th,0.4320484013296664,there,here,8,22288309
650,s179,650,162,1, 'e' 'r',he,0.1199404550716281,there,here,8,21484684
651,s179,651,162,2, 'r' 'e',er,0.12809999287128448,there,here,8,12934901
652,s179,652,163,0,'v' 'o',vo,0.17587671196088195,vodka,vodka,6,368238
653,s179,653,163,1, 'o' 'd',od,0.5120077840983868,vodka,vodka,6,1013147
654,s179,654,163,2, 'd' 'k',dk,0.17614426463842392,vodka,vodka,6,5347
655,s179,655,163,3, 'k' 'a',ka,0.1679965341463685,vodka,vodka,6,60568
656,s179,656,164,0,'v' 'a',va,0.13607011688873172,vanru,vanru,6,560130
657,s179,657,164,1, 'a' 'n',an,0.21604891400784254,vanru,vanru,6,12315713
658,s179,658,164,2, 'n' 'r',nr,0.16002451395615935,vanru,vanru,6,54341
659,s179,659,164,3, 'r' 'u',ru,0.17601689184084535,vanru,vanru,6,705492
660,s179,660,165,0,'k' 'r',kr,0.12807076377794147,kremp,kremp,7,5683
661,s179,661,165,1, 'r' 'e',re,0.09584051696583629,kremp,kremp,7,10687711
662,s179,662,165,2, 'e' 'm',em,0.08010198129341006,kremp,kremp,7,2039661
663,s179,663,165,3, 'm' 'p',mp,0.14398285560309887,kremp,kremp,7,1042198
664,s179,664,166,0,'z' 'i',zi,0.4159853020682931,zibja,zibja,8,54565
665,s179,665,166,1, 'i' 'b',ib,0.2798942090012133,zibja,zibja,8,493267
666,s179,666,166,2, 'b' 'j',bj,0.2560317092575133,zibja,zibja,8,105433
667,s179,667,166,3, 'j' 'a',ja,0.12010219972580671,zibja,zibja,8,40073
668,s179,668,167,0,'h' 'e',he,0.10392295615747571,heond,heond,7,21484684
669,s179,669,167,1, 'e' 'o',eo,0.13605204178020358,heond,heond,7,305120
670,s179,670,167,2, 'o' 'n',on,0.13602439826354384,heond,heond,7,8830487
671,s179,671,167,3, 'n' 'd',nd,0.1920933397486806,heond,heond,7,9414961
672,s179,672,168,0,'b' 'u',bu,0.26398054603487253,buddy,buddy,6,1183063
673,s179,673,168,1, 'u' 'd',ud,0.19197571789845824,buddy,buddy,6,458716
674,s179,674,168,2, 'd' 'd',dd,0.1520214299671352,buddy,buddy,6,306083
675,s179,675,168,3, 'd' 'y',dy,0.12800288712605834,buddy,buddy,6,360103
676,s179,676,169,0,'v' 'a',va,0.1199338361620903,vanru,vanru,7,560130
677,s179,677,169,1, 'a' 'n',an,0.16811096714809537,vanru,vanru,7,12315713
678,s179,678,169,2, 'n' 'r',nr,0.18400078592821956,vanru,vanru,7,54341
679,s179,679,169,3, 'r' 'u',ru,0.20000706799328327,vanru,vanru,7,705492
680,s179,680,170,0,'f' 'a',fa,0.12009553285315633,faqir,faqir,5,1043958
681,s179,681,170,1, 'a' 'q',aq,0.1999921640381217,faqir,faqir,5,4924
682,s179,682,170,2, 'q' 'i',qi,0.19999470235779881,faqir,faqir,5,36
683,s179,683,170,3, 'i' 'r',ir,0.14390667481347919,faqir,faqir,5,2142678
684,s179,684,171,0,'t' 'h',th,0.13605579687282443,theme,theme,5,22288309
685,s179,685,171,1, 'h' 'e',he,0.1679483107291162,theme,theme,5,21484684
686,s179,686,171,2, 'e' 'm',em,0.12803787039592862,theme,theme,5,2039661
687,s179,687,171,3, 'm' 'e',me,0.14404175896197557,theme,theme,5,4724108
688,s179,688,172,0,'c' 'a',ch,0.11185983987525105,champ,camp,7,3267507
689,s179,689,172,1, 'a' 'm',ha,0.09601690294221044,champ,camp,7,6967591
690,s179,690,172,2, 'm' 'p',am,0.16005824832245708,champ,camp,7,1610395
691,s179,691,173,0,'p' 'u',pu,0.3760150773450732,puppy,puppy,7,514720
692,s179,692,173,1, 'u' 'p',up,0.21589633403345942,puppy,puppy,7,968744
693,s179,693,173,2, 'p' 'p',pp,0.13606967590749264,puppy,puppy,7,805170
694,s179,694,173,3, 'p' 'y',py,0.1360596059821546,puppy,puppy,7,149099
695,s179,695,174,0,'w' 'o',wo,0.10409793397411704,would,would,7,1723496
696,s179,696,174,1, 'o' 'u',ou,0.10391408205032349,would,would,7,7425307
697,s179,697,174,2, 'u' 'l',ul,0.19201393192633986,would,would,7,2181271
698,s179,698,174,3, 'l' 'd',ld,0.21606450295075774,would,would,7,2012500
699,s179,699,175,0,'l' 'u',lu,0.13593418896198273,lucky,lucky,6,568081
700,s179,700,175,1, 'u' 'c',uc,0.21600098488852382,lucky,lucky,6,891233
701,s179,701,175,2, 'c' 'k',ck,0.4959865319542587,lucky,lucky,6,925655
702,s179,702,175,3, 'k' 'y',ky,0.29600035306066275,lucky,lucky,6,49764
703,s179,703,176,0,'t' 'h',th,0.14389414992183447,therm,therm,7,22288309
704,s179,704,176,1, 'h' 'e',he,0.20806330908089876,therm,therm,7,21484684
705,s179,705,176,2, 'e' 'r',er,0.1200406770221889,therm,therm,7,12934901
706,s179,706,176,3, 'r' 'm',rm,0.1438874416053295,therm,therm,7,905131
707,s179,707,177,0,'a' 'b',ab,0.14400829607620835,about,about,8,1203849
708,s179,708,177,1, 'b' 'o',bo,0.20011998293921351,about,about,8,1140702
709,s179,709,177,2, 'o' 'u',ou,0.06392873218283057,about,about,8,7425307
710,s179,710,177,3, 'u' 't',ut,0.17597310291603208,about,about,8,3257233
711,s179,711,178,0,'b' 'e',be,0.11994672706350684,belly,belly,7,3798740
712,s179,712,178,1, 'e' 'l',el,0.16807263670489192,belly,belly,7,3235254
713,s179,713,178,2, 'l' 'l',ll,0.1199260801076889,belly,belly,7,4235407
714,s179,714,178,3, 'l' 'y',ly,0.19209311110898852,belly,belly,7,2589130
715,s179,715,179,0,'e' 'd',ed,0.21596667589619756,edthe,edthe,7,7805967
716,s179,716,179,1, 'd' 't',dt,0.19990437431260943,edthe,edthe,7,11191
717,s179,717,179,2, 't' 'h',th,0.12007797183468938,edthe,edthe,7,22288309
718,s179,718,179,3, 'h' 'e',he,0.1599691091105342,edthe,edthe,7,21484684
719,s179,719,180,0,'h' 'e',he,0.10396030684933066,heond,heond,8,21484684
720,s179,720,180,1, 'e' 'o',eo,0.11196650192141533,heond,heond,8,305120
721,s179,721,180,2, 'o' 'n',on,0.1519988332875073,heond,heond,8,8830487
722,s179,722,180,3, 'n' 'd',nd,0.2160270269960165,heond,heond,8,9414961
723,s179,723,181,0,'l' 'u',lu,0.15997893689200282,lucky,lucky,7,568081
724,s179,724,181,1, 'u' 'c',uc,0.24001286877319217,lucky,lucky,7,891233
725,s179,725,181,2, 'c' 'k',ck,0.12803912814706564,lucky,lucky,7,925655
726,s179,726,181,3, 'k' 'y',ky,0.215943715069443,lucky,lucky,7,49764
727,s179,727,182,0,'c' 'o',co,0.2799157458357513,cooed,cooed,6,3609272
728,s179,728,182,1, 'o' 'o',oo,0.15999079728499055,cooed,cooed,6,1933683
729,s179,729,182,2, 'o' 'e',oe,0.09611109690740705,cooed,cooed,6,270012
730,s179,730,182,3, 'e' 'd',ed,0.23997658677399158,cooed,cooed,6,7805967
731,s179,731,183,0,'t' 'i',ti,0.12002600077539682,tithe,tithe,6,5135552
732,s179,732,183,1, 'i' 't',it,0.1279357229359448,tithe,tithe,6,6637233
733,s179,733,183,2, 't' 'h',th,0.14405529713258147,tithe,tithe,6,22288309
734,s179,734,183,3, 'h' 'e',he,0.168016511015594,tithe,tithe,6,21484684
735,s179,735,184,0,'h' 'a',ha,0.16802237834781408,haole,haole,7,6967591
736,s179,736,184,1, 'a' 'o',ao,0.11998120183125138,haole,haole,7,25487
737,s179,737,184,2, 'o' 'l',ol,0.2560678902082145,haole,haole,7,1804856
738,s179,738,184,3, 'l' 'e',le,0.11197395995259285,haole,haole,7,5038239
739,s179,739,185,0,'b' 'e',be,0.18399765668436885,belly,belly,8,3798740
740,s179,740,185,1, 'e' 'l',el,0.15199700696393847,belly,belly,8,3235254
741,s179,741,185,2, 'l' 'l',ll,0.11200551735237241,belly,belly,8,4235407
742,s179,742,185,3, 'l' 'y',ly,0.2238858207128942,belly,belly,8,2589130
743,s179,743,186,0,'c' 'h',ch,0.14408357627689838,cheer,cheer,6,3267507
744,s179,744,186,1, 'h' 'e',he,0.24794140178710222,cheer,cheer,6,21484684
745,s179,745,186,2, 'e' 'e',ee,0.1520438101142645,cheer,cheer,6,2839722
746,s179,746,186,3, 'e' 'r',er,0.16000817203894258,cheer,cheer,6,12934901
747,s179,747,187,0,'l' 'u',lu,0.16000771801918745,lucky,lucky,8,568081
748,s179,748,187,1, 'u' 'c',uc,0.2239872720092535,lucky,lucky,8,891233
749,s179,749,187,2, 'c' 'k',ck,0.1519480156712234,lucky,lucky,8,925655
750,s179,750,187,3, 'k' 'y',ky,0.3760729292407632,lucky,lucky,8,49764
751,s179,751,188,0,'t' 'h',th,0.1359534040093422,there,there,9,22288309
752,s179,752,188,1, 'h' 'e',he,0.14405605616047978,there,there,9,21484684
753,s179,753,188,2, 'e' 'r',er,0.1040309639647603,there,there,9,12934901
754,s179,754,188,3, 'r' 'e',re,0.10397605178877711,there,there,9,10687711
755,s179,755,189,0,'c' 'o',co,0.23200825415551662,cooed,cooed,7,3609272
756,s179,756,189,1, 'o' 'o',oo,0.1599390860646963,cooed,cooed,7,1933683
757,s179,757,189,2, 'o' 'e',oe,0.0960966837592423,cooed,cooed,7,270012
758,s179,758,189,3, 'e' 'd',ed,0.2719719624146819,cooed,cooed,7,7805967
759,s179,759,190,0,'t' 'h',th,0.15208178665488958,therm,therm,8,22288309
760,s179,760,190,1, 'h' 'e',he,0.11204236233606935,therm,therm,8,21484684
761,s179,761,190,2, 'e' 'r',er,0.12787674786522985,therm,therm,8,12934901
762,s179,762,190,3, 'r' 'm',rm,0.13601931696757674,therm,therm,8,905131
763,s179,763,191,0,'w' 'o',wo,0.1280060219578445,would,would,8,1723496
764,s179,764,191,1, 'o' 'u',ou,0.11192576214671135,would,would,8,7425307
765,s179,765,191,2, 'u' 'l',ul,0.17613045684993267,would,would,8,2181271
766,s179,766,191,3, 'l' 'd',ld,0.23195218108594418,would,would,8,2012500
767,s179,767,192,0,'v' 'a',va,0.13588970806449652,vanru,vanru,8,560130
768,s179,768,192,1, 'a' 'n',an,0.1761123389005661,vanru,vanru,8,12315713
769,s179,769,192,2, 'n' 'r',nr,0.10395600693300366,vanru,vanru,8,54341
770,s179,770,192,3, 'r' 'u',ru,0.18405121937394142,vanru,vanru,8,705492
771,s179,771,193,0,'e' 't',ed,0.3439633478410542,edthe,ethe,8,7805967
772,s179,772,193,1, 't' 'h',dt,0.7279500868171453,edthe,ethe,8,11191
773,s179,773,193,2, 'h' 'e',th,0.12804218335077167,edthe,ethe,8,22288309
774,s179,774,194,0,'k' 'r',kr,0.11197733879089355,kremp,kremp,8,5683
775,s179,775,194,1, 'r' 'e',re,0.11205639410763979,kremp,kremp,8,10687711
776,s179,776,194,2, 'e' 'm',em,0.015990110114216805,kremp,kremp,8,2039661
777,s179,777,194,3, 'm' 'p',mp,0.15997034776955843,kremp,kremp,8,1042198
778,s179,778,195,0,'p' 'y',py,0.11200792388990521,pykka,pykka,7,149099
779,s179,779,195,1, 'y' 'k',yk,0.3199961152859032,pykka,pykka,7,4767
780,s179,780,195,2, 'k' 'k',kk,0.13607054483145475,pykka,pykka,7,1820
781,s179,781,195,3, 'k' 'a',ka,0.19199399882927537,pykka,pykka,7,60568
782,s179,782,196,0,'h' 'a',ha,0.11996419122442603,haole,haole,8,6967591
783,s179,783,196,1, 'a' 'o',ao,0.0959366550669074,haole,haole,8,25487
784,s179,784,196,2, 'o' 'l',ol,0.21600748598575592,haole,haole,8,1804856
785,s179,785,196,3, 'l' 'e',le,0.12005742965266109,haole,haole,8,5038239
786,s179,786,197,0,'f' 'a',fa,0.12000061478465796,faqir,faqir,6,1043958
787,s179,787,197,1, 'a' 'q',aq,0.37599882716313004,faqir,faqir,6,4924
788,s179,788,197,2, 'q' 'i',qi,0.455889861099422,faqir,faqir,6,36
789,s179,789,197,3, 'i' 'r',ir,0.1281146127730608,faqir,faqir,6,2142678
790,s179,790,198,0,'p' 'y',py,0.16003001295030117,pykka,pyukka,8,149099
791,s179,791,198,1, 'y' 'u',yk,0.007891294080764055,pykka,pyukka,8,4767
792,s179,792,198,2, 'u' 'k',kk,0.6401476259343326,pykka,pyukka,8,1820
793,s179,793,198,3, 'k' 'k',ka,0.1679156399331987,pykka,pyukka,8,60568
794,s179,794,198,4, 'k' 'a',,0.07992170890793204,pykka,pyukka,8,
795,s179,795,199,0,'f' 'a',fa,0.1438643909059465,faqir,faqir,7,1043958
796,s179,796,199,1, 'a' 'q',aq,0.4080004571005702,faqir,faqir,7,4924
797,s179,797,199,2, 'q' 'i',qi,0.7280891248956323,faqir,faqir,7,36
798,s179,798,199,3, 'i' 'r',ir,0.09590471209958196,faqir,faqir,7,2142678
799,s179,799,200,0,'t' 'h',th,0.119942681863904,therm,therm,9,22288309
800,s179,800,200,1, 'h' 'e',he,0.14411034202203155,therm,therm,9,21484684
801,s179,801,200,2, 'e' 'r',er,0.11995238903909922,therm,therm,9,12934901
802,s179,802,200,3, 'r' 'm',rm,0.10406102612614632,therm,therm,9,905131
803,s179,803,201,0,'p' 'y',pu,0.1600349429063499,puppy,pyppt,8,514720
804,s179,804,201,1, 'y' 'p',up,0.2639856208115816,puppy,pyppt,8,968744
805,s179,805,201,2, 'p' 'p',pp,0.15200681798160076,puppy,pyppt,8,805170
806,s179,806,201,3, 'p' 't',py,0.1839503813534975,puppy,pyppt,8,149099
807,s179,807,202,0,'t' 'h',th,0.08803384704515338,theme,theme,6,22288309
808,s179,808,202,1, 'h' 'e',he,0.14407294197008014,theme,theme,6,21484684
809,s179,809,202,2, 'e' 'm',em,0.14394479617476463,theme,theme,6,2039661
810,s179,810,202,3, 'm' 'e',me,0.19999539200216532,theme,theme,6,4724108
811,s179,811,203,0,'c' 'o',co,0.2319996813312173,cooed,cooed,8,3609272
812,s179,812,203,1, 'o' 'o',oo,0.15998392784968019,cooed,cooed,8,1933683
813,s179,813,203,2, 'o' 'e',oe,0.10402659978717566,cooed,cooed,8,270012
814,s179,814,203,3, 'e' 'd',ed,0.26387194637209177,cooed,cooed,8,7805967
815,s179,815,204,0,'b' 'e',be,0.19210662133991718,belly,belly,9,3798740
816,s179,816,204,1, 'e' 'l',el,0.11197054479271173,belly,belly,9,3235254
817,s179,817,204,2, 'l' 'l',ll,0.12800149293616414,belly,belly,9,4235407
818,s179,818,204,3, 'l' 'y',ly,0.1999239749275148,belly,belly,9,2589130
819,s179,819,205,0,'b' 'u',bu,0.30390866892412305,buddy,buddy,7,1183063
820,s179,820,205,1, 'u' 'd',ud,0.2801147010177374,buddy,buddy,7,458716
821,s179,821,205,2, 'd' 'd',dd,0.16787780774757266,buddy,buddy,7,306083
822,s179,822,205,3, 'd' 'y',dy,0.12808900605887175,buddy,buddy,7,360103
823,s179,823,206,0,'v' 'o',vo,0.15200003189966083,vodka,vodka,7,368238
824,s179,824,206,1, 'o' 'd',od,0.199975720141083,vodka,vodka,7,1013147
825,s179,825,206,2, 'd' 'k',dk,0.4960630121640861,vodka,vodka,7,5347
826,s179,826,206,3, 'k' 'a',ka,0.16788400569930673,vodka,vodka,7,60568
827,s179,827,207,0,'c' 'h',ch,0.1919614700600505,cheer,cheer,7,3267507
828,s179,828,207,1, 'h' 'e',he,0.2881712019443512,cheer,cheer,7,21484684
829,s179,829,207,2, 'e' 'e',ee,0.15188457211479545,cheer,cheer,7,2839722
830,s179,830,207,3, 'e' 'r',er,0.12802384793758392,cheer,cheer,7,12934901
831,s179,831,208,0,'t' 'h',th,0.1200477397069335,theme,theme,7,22288309
832,s179,832,208,1, 'h' 'e',he,0.13596599688753486,theme,theme,7,21484684
833,s179,833,208,2, 'e' 'm',em,0.13597603607922792,theme,theme,7,2039661
834,s179,834,208,3, 'm' 'e',me,0.1599972671829164,theme,theme,7,4724108
835,s179,835,209,0,'d' 'r',dr,0.17594812903553247,druze,druze,8,
836,s179,836,209,1, 'r' 'u',ru,0.16007345914840698,druze,druze,8,705492
837,s179,837,209,2, 'u' 'z',uz,0.14400860061869025,druze,druze,8,
838,s179,838,209,3, 'z' 'e',ze,0.12801470793783665,druze,druze,8,
839,s179,839,210,0,'t' 'h',th,0.08802882581949234,think,think,8,22288309
840,s179,840,210,1, 'h' 'i',hi,0.09599279798567295,think,think,8,6198006
841,s179,841,210,2, 'i' 'n',in,0.18404048308730125,think,think,8,13597302
842,s179,842,210,3, 'n' 'k',nk,0.16789020923897624,think,think,8,445067
843,s179,843,211,0,'e' 'd',ed,0.24794651195406914,edthe,edthe,9,7805967
844,s179,844,211,1, 'd' 't',dt,0.20796844409778714,edthe,edthe,9,11191
845,s179,845,211,2, 't' 'h',th,0.1360656889155507,edthe,edthe,9,22288309
846,s179,846,211,3, 'h' 'e',he,0.12802739813923836,edthe,edthe,9,21484684
847,s179,847,212,0,'v' 'a',va,0.12808484211564064,vanru,vanru,9,560130
848,s179,848,212,1, 'a' 'n',an,0.17600457882508636,vanru,vanru,9,12315713
849,s179,849,212,2, 'n' 'r',nr,0.15991653688251972,vanru,vanru,9,54341
850,s179,850,212,3, 'r' 'u',ru,0.16810726327821612,vanru,vanru,9,705492
851,s179,851,213,0,'d' 'r',dr,0.16003017500042915,druze,druze,9,
852,s179,852,213,1, 'r' 'u',ru,0.13598213903605938,druze,druze,9,705492
853,s179,853,213,2, 'u' 'z',uz,0.1680515236221254,druze,druze,9,
854,s179,854,213,3, 'z' 'e',ze,0.14399471506476402,druze,druze,9,
855,s179,855,214,0,'b' 'u',bu,0.2479969928972423,buddy,buddy,8,1183063
856,s179,856,214,1, 'u' 'd',ud,0.19205036899074912,buddy,buddy,8,458716
857,s179,857,214,2, 'd' 'd',dd,0.13596047833561897,buddy,buddy,8,306083
858,s179,858,214,3, 'd' 'y',dy,0.12001718766987324,buddy,buddy,8,360103
859,s179,859,215,0,'c' 'h',ch,0.1279287193901837,cheer,cheer,8,3267507
860,s179,860,215,1, 'h' 'e',he,0.2639928259886801,cheer,cheer,8,21484684
861,s179,861,215,2, 'e' 'e',ee,0.1441027126275003,cheer,cheer,8,2839722
862,s179,862,215,3, 'e' 'r',er,0.11996529018506408,cheer,cheer,8,12934901
863,s179,863,216,0,'t' 'i',ti,0.12793902168050408,tithe,tithe,7,5135552
864,s179,864,216,1, 'i' 't',it,0.10400864342227578,tithe,tithe,7,6637233
865,s179,865,216,2, 't' 'h',th,0.14409232698380947,tithe,tithe,7,22288309
866,s179,866,216,3, 'h' 'e',he,0.16791507974267006,tithe,tithe,7,21484684
867,s179,867,217,0,'v' 'o',vo,0.18399209901690483,vodka,vodka,8,368238
868,s179,868,217,1, 'o' 'd',od,0.47203316213563085,vodka,vodka,8,1013147
869,s179,869,217,2, 'd' 'k',dk,0.11197853088378906,vodka,vodka,8,5347
870,s179,870,217,3, 'k' 'a',ka,0.1518705589696765,vodka,vodka,8,60568
871,s179,871,218,0,'w' 'o',wo,0.10405252780765295,would,would,9,1723496
872,s179,872,218,1, 'o' 'u',ou,0.09595542727038264,would,would,9,7425307
873,s179,873,218,2, 'u' 'l',ul,0.18403132678940892,would,would,9,2181271
874,s179,874,218,3, 'l' 'd',ld,0.15189990028738976,would,would,9,2012500
875,s179,875,219,0,'t' 'h',th,0.07208555983379483,think,think,9,22288309
876,s179,876,219,1, 'h' 'i',hi,0.10398052306845784,think,think,9,6198006
877,s179,877,219,2, 'i' 'n',in,0.18403770588338375,think,think,9,13597302
878,s179,878,219,3, 'n' 'k',nk,0.16787565406411886,think,think,9,445067
879,s179,879,220,0,'l' 'u',lu,0.13596788281574845,lucky,lucky,9,568081
880,s179,880,220,1, 'u' 'c',uc,0.2479914422146976,lucky,lucky,9,891233
881,s179,881,220,2, 'c' 'k',ck,0.11194291291758418,lucky,lucky,9,925655
882,s179,882,220,3, 'k' 'y',ky,0.22403859486803412,lucky,lucky,9,49764
883,s179,883,221,0,'b' 'u',bu,0.25597187876701355,buddy,buddy,9,1183063
884,s179,884,221,1, 'u' 'd',ud,0.2400448420085013,buddy,buddy,9,458716
885,s179,885,221,2, 'd' 'd',dd,0.15997454896569252,buddy,buddy,9,306083
886,s179,886,221,3, 'd' 'y',dy,0.09591949917376041,buddy,buddy,9,360103
887,s179,887,222,0,'p' 'y',py,0.12007321929559112,pykka,pykka,9,149099
888,s179,888,222,1, 'y' 'k',yk,0.3280234569683671,pykka,pykka,9,4767
889,s179,889,222,2, 'k' 'k',kk,0.13593076774850488,pykka,pykka,9,1820
890,s179,890,222,3, 'k' 'a',ka,0.1759458240121603,pykka,pykka,9,60568
891,s179,891,223,0,'h' 'e',he,0.1120237447321415,heond,heond,9,21484684
892,s179,892,223,1, 'e' 'o',eo,0.08799895504489541,heond,heond,9,305120
893,s179,893,223,2, 'o' 'n',on,0.13606078596785665,heond,heond,9,8830487
894,s179,894,223,3, 'n' 'd',nd,0.2639256459660828,heond,heond,9,9414961
895,s179,895,224,0,'a' 'b',ab,0.11191839911043644,about,about,9,1203849
896,s179,896,224,1, 'b' 'o',bo,0.1760763912461698,about,about,9,1140702
897,s179,897,224,2, 'o' 'u',ou,0.0880131060257554,about,about,9,7425307
898,s179,898,224,3, 'u' 't',ut,0.18389058578759432,about,about,9,3257233
899,s179,899,225,0,'t' 'i',ti,0.14384220261126757,tithe,tithe,8,5135552
900,s179,900,225,1, 'i' 't',it,0.20000712107867002,tithe,tithe,8,6637233
901,s179,901,225,2, 't' 'h',th,0.12009875290095806,tithe,tithe,8,22288309
902,s179,902,225,3, 'h' 'e',he,0.15197126427665353,tithe,tithe,8,21484684
903,s179,903,226,0,'c' 'h',ch,0.10405134316533804,champ,champ,8,3267507
904,s179,904,226,1, 'h' 'a',ha,0.15187943587079644,champ,champ,8,6967591
905,s179,905,226,2, 'a' 'm',am,0.08811192400753498,champ,champ,8,1610395
906,s179,906,226,3, 'm' 'p',mp,0.1439177319407463,champ,champ,8,1042198
907,s179,907,227,0,'c' 'o',co,0.19999058265239,cooed,cooed,9,3609272
908,s179,908,227,1, 'o' 'o',oo,0.1520036323927343,cooed,cooed,9,1933683
909,s179,909,227,2, 'o' 'e',oe,0.11196224763989449,cooed,cooed,9,270012
910,s179,910,227,3, 'e' 'd',ed,0.24807539023458958,cooed,cooed,9,7805967
911,s179,911,228,0,'h' 'a',ha,0.12008539959788322,haole,haole,9,6967591
912,s179,912,228,1, 'a' 'o',ao,0.07992308726534247,haole,haole,9,25487
913,s179,913,228,2, 'o' 'l',ol,0.24808290973305702,haole,haole,9,1804856
914,s179,914,228,3, 'l' 'e',le,0.1280413782224059,haole,haole,9,5038239
915,s179,915,229,0,'t' 'h',th,0.10383886424824595,theme,theme,8,22288309
916,s179,916,229,1, 'h' 'e',he,0.14412651676684618,theme,theme,8,21484684
917,s179,917,229,2, 'e' 'm',em,0.13589307107031345,theme,theme,8,2039661
918,s179,918,229,3, 'm' 'e',me,0.2239921921864152,theme,theme,8,4724108
919,s179,919,230,0,'v' 'o',vo,0.1680735358968377,vodka,vodka,9,368238
920,s179,920,230,1, 'o' 'd',od,0.30393242835998535,vodka,vodka,9,1013147
921,s179,921,230,2, 'd' 'k',dk,0.16811265097931027,vodka,vodka,9,5347
922,s179,922,230,3, 'k' 'a',ka,0.19199618184939027,vodka,vodka,9,60568
923,s179,923,231,0,'c' 'h',ch,0.09598343633115292,champ,champ,9,3267507
924,s179,924,231,1, 'h' 'a',ha,0.14394074585288763,champ,champ,9,6967591
925,s179,925,231,2, 'a' 'm',am,0.10399709595367312,champ,champ,9,1610395
926,s179,926,231,3, 'm' 'p',mp,0.12010387983173132,champ,champ,9,1042198
927,s179,927,232,0,'p' 'y',pu,0.13603419996798038,puppy,pyppy,9,514720
928,s179,928,232,1, 'y' 'p',up,0.28798204800114036,puppy,pyppy,9,968744
929,s179,929,232,2, 'p' 'p',pp,0.13591269217431545,puppy,pyppy,9,805170
930,s179,930,232,3, 'p' 'y',py,0.15201154677197337,puppy,pyppy,9,149099
931,s179,931,233,0,'z' 'i',zi,0.11992565216496587,zibja,zibja,9,54565
932,s179,932,233,1, 'i' 'b',ib,0.23204869590699673,zibja,zibja,9,493267
933,s179,933,233,2, 'b' 'j',bj,0.22397524816915393,zibja,zibja,9,105433
934,s179,934,233,3, 'j' 'a',ja,0.11203372664749622,zibja,zibja,9,40073
935,s179,935,234,0,'f' 'a',fa,0.136004492174834,faqir,faqir,8,1043958
936,s179,936,234,1, 'a' 'q',aq,0.34410136193037033,faqir,faqir,8,4924
937,s179,937,234,2, 'q' 'i',qi,0.3679028442129493,faqir,faqir,8,36
938,s179,938,234,3, 'i' 'r',ir,0.14408107567578554,faqir,faqir,8,2142678
939,s179,939,235,0,'k' 'r',kr,0.11203159298747778,kremp,kremp,9,5683
940,s179,940,235,1, 'r' 'e',re,0.12792991800233722,kremp,kremp,9,10687711
941,s179,941,235,2, 'e' 'm',em,0.05603640712797642,kremp,kremp,9,2039661
942,s179,942,235,3, 'm' 'p',mp,0.17596722580492496,kremp,kremp,9,1042198
943,s179,943,236,0,'t' 'i',ti,0.08797396486625075,tithe,tithe,9,5135552
944,s179,944,236,1, 'i' 't',it,0.1440543821081519,tithe,tithe,9,6637233
945,s179,945,236,2, 't' 'h',th,0.12001211708411574,tithe,tithe,9,22288309
946,s179,946,236,3, 'h' 'e',he,0.1759325941093266,tithe,tithe,9,21484684
947,s179,947,237,0,'f' 'a',fa,0.2240411350503564,faqir,faqir,9,1043958
948,s179,948,237,1, 'a' 'q',aq,0.4798769108019769,faqir,faqir,9,4924
949,s179,949,237,2, 'q' 'i',qi,0.4081179900094867,faqir,faqir,9,36
950,s179,950,237,3, 'i' 'r',ir,0.12795936409384012,faqir,faqir,9,2142678
951,s179,951,238,0,'c' 'h',ch,0.1519863847643137,cheer,cheer,9,3267507
952,s179,952,238,1, 'h' 'e',he,0.3199210399761796,cheer,cheer,9,21484684
953,s179,953,238,2, 'e' 'e',ee,0.1359629430808127,cheer,cheer,9,2839722
954,s179,954,238,3, 'e' 'r',er,0.14403662784025073,cheer,cheer,9,12934901
955,s179,955,239,0,'t' 'h',th,0.0880445740185678,theme,theme,9,22288309
956,s179,956,239,1, 'h' 'e',he,0.1359823909588158,theme,theme,9,21484684
957,s179,957,239,2, 'e' 'm',em,0.12792219128459692,theme,theme,9,2039661
958,s179,958,239,3, 'm' 'e',me,0.17613148083910346,theme,theme,9,4724108
