"","Bigrams","Frequency","Pred","Succ","PredFreq","SuccFreq","PriorML","SuccML"
"1","aa",13392,"a","a",60283697,60283697,0.000222149613684111,0.000222149613684111
"2","ab",1203849,"a","b",60283697,10960911,0.0199697274704304,0.109831108016478
"3","ac",2219296,"a","c",60283697,19814640,0.0368141987045022,0.112002842342833
"4","ad",2876741,"a","d",60283697,32242297,0.0477200494189996,0.0892225823737062
"5","ae",81283,"a","e",60283697,97935156,0.00134834132684331,0.000829967534845199
"6","af",469087,"a","f",60283697,18008835,0.00778132436038221,0.0260476038566626
"7","ag",1204344,"a","g",60283697,14743382,0.0199779386456673,0.0816870918762059
"8","ah",86431,"a","h",60283697,46324263,0.0014337375493079,0.00186578251660474
"9","ai",2510736,"a","i",60283697,51122693,0.0416486732723111,0.0491119667737378
"10","aj",45048,"a","j",60283697,892366,0.000747266711263578,0.050481528879406
"11","ak",822388,"a","k",60283697,5338371,0.0136419635975544,0.154052238032913
"12","al",4622155,"a","l",60283697,30253245,0.0766733831868341,0.152782123041677
"13","am",1610395,"a","m",60283697,18391177,0.026713607163144,0.087563455019763
"14","an",12315713,"a","n",60283697,53779423,0.204295914366367,0.229004186229369
"15","ao",25487,"a","o",60283697,59499493,0.000422784289424054,0.000428356591206584
"16","ap",1055869,"a","p",60283697,13324156,0.0175150007803934,0.0792447191401842
"17","aq",4924,"a","q",60283697,762186,8.16804583169476e-05,0.00646036531765212
"18","ar",6203507,"a","r",60283697,46936590,0.10290521830471,0.132167824718413
"19","as",5709926,"a","s",60283697,47770576,0.0947175817700762,0.119528096123438
"20","at",8114656,"a","t",60283697,70213254,0.134607802835981,0.115571570005857
"21","au",684842,"a","u",60283697,21856142,0.0113603185285733,0.0313340753368092
"22","av",1578968,"a","v",60283697,7408891,0.0261922887708761,0.213117995662239
"23","aw",536506,"a","w",60283697,16150307,0.00889968642765887,0.0332195542784419
"24","ax",73858,"a","x",60283697,1245155,0.00122517369828861,0.0593163100176283
"25","ay",1710288,"a","y",60283697,14373781,0.0283706555024321,0.11898664658937
"26","az",90138,"a","z",60283697,458700,0.00149523012830484,0.196507521255723
"27","ba",726910,"b","a",10960911,60283697,0.0663183926956436,0.012058152306087
"28","bb",87918,"b","b",10960911,10960911,0.00802104861539337,0.00802104861539337
"29","bc",644,"b","c",10960911,19814640,5.87542404093966e-05,3.25012213191862e-05
"30","bd",11421,"b","d",10960911,32242297,0.00104197543434118,0.000354224142281178
"31","be",3798740,"b","e",10960911,97935156,0.346571557783837,0.0387883182623409
"32","bf",253,"b","f",10960911,18008835,2.30820230179772e-05,1.40486600049365e-05
"33","bg",260,"b","g",10960911,14743382,2.37206560659055e-05,1.76350310939512e-05
"34","bh",4649,"b","h",10960911,46324263,0.000424143577116902,0.000100357775794512
"35","bi",424664,"b","i",10960911,51122693,0.0387434949521988,0.00830676114812653
"36","bj",105433,"b","j",10960911,892366,0.00961899973460235,0.118149951925555
"37","bk",574,"b","k",10960911,5338371,5.23679099301144e-05,0.000107523437393167
"38","bl",1302482,"b","l",10960911,30253245,0.118829721361664,0.0430526378244714
"39","bm",15734,"b","m",10960911,18391177,0.00143546462515753,0.000855518926276442
"40","bn",7288,"b","n",10960911,53779423,0.000664908236185843,0.000135516515303632
"41","bo",1140702,"b","o",10960911,59499493,0.104069999291117,0.0191716255464563
"42","bp",177,"b","p",10960911,13324156,1.6148292783328e-05,1.32841434759545e-05
"43","bq",8,"b","q",10960911,762186,7.29866340489399e-07,1.04961256176314e-05
"44","br",668890,"b","r",10960911,46936590,0.0610250370612443,0.0142509287530262
"45","bs",205620,"b","s",10960911,47770576,0.0187593896164288,0.00430432323026626
"46","bt",121540,"b","t",10960911,70213254,0.0110884943778852,0.00173101221031573
"47","bu",1183063,"b","u",10960911,21856142,0.107934732797301,0.0541295439972892
"48","bv",9806,"b","v",10960911,7408891,0.000894633666854881,0.00132354491380694
"49","bw",1219,"b","w",10960911,16150307,0.000111213383632072,7.54784413695665e-05
"50","bx",1,"b","x",10960911,1245155,9.12332925611749e-08,8.03112865466548e-07
"51","by",999355,"b","y",10960911,14373781,0.0911744470874729,0.0695262436515486
"52","bz",88,"b","z",10960911,458700,8.02852974538339e-06,0.000191846522781775
"53","ca",2259971,"c","a",19814640,60283697,0.114055617462644,0.0374889250737227
"54","cb",984,"c","b",19814640,10960911,4.96602512081976e-05,8.97735598801961e-05
"55","cc",453665,"c","c",19814640,19814640,0.0228954449841128,0.0228954449841128
"56","cd",3732,"c","d",19814640,32242297,0.000188345586899383,0.000115748577094244
"57","ce",3513959,"c","e",19814640,97935156,0.177341551499295,0.0358804656419805
"58","cf",779,"c","f",19814640,18008835,3.93143655398231e-05,4.32565460231048e-05
"59","cg",498,"c","g",19814640,14743382,2.51329320139049e-05,3.37778672491834e-05
"60","ch",3267507,"c","h",19814640,46324263,0.164903677281041,0.0705355420333401
"61","ci",1044358,"c","i",19814640,51122693,0.0527063827553768,0.0204284621704103
"62","cj",10,"c","j",19814640,892366,5.04677349676805e-07,1.12061642868509e-05
"63","ck",925655,"c","k",19814640,5338371,0.0467157112115083,0.173396528641415
"64","cl",710849,"c","l",19814640,30253245,0.0358749389340407,0.0234966199493641
"65","cm",882,"c","m",19814640,18391177,4.45125422414942e-05,4.79577788849512e-05
"66","cn",1387,"c","n",19814640,53779423,6.99987484001728e-05,2.57905333049036e-05
"67","co",3609272,"c","o",19814640,59499493,0.18215178272227,0.060660550502506
"68","cp",441,"c","p",19814640,13324156,2.22562711207471e-05,3.30977812028019e-05
"69","cq",37989,"c","q",19814640,762186,0.00191721878368721,0.0498421645110249
"70","cr",726061,"c","r",19814640,46936590,0.036642654118369,0.015468976335946
"71","cs",45547,"c","s",19814640,47770576,0.00229865392457294,0.000953453020955829
"72","ct",1916629,"c","t",19814640,70213254,0.0967279244033704,0.0272972535926052
"73","cu",666485,"c","u",19814640,21856142,0.0336359883399345,0.0304941741319214
"74","cv",92,"c","v",19814640,7408891,4.6430316170266e-06,1.24175129584171e-05
"75","cw",273,"c","w",19814640,16150307,1.37776916461768e-05,1.69037034404361e-05
"76","cx",324,"c","x",19814640,1245155,1.63515461295285e-05,0.000260208568411162
"77","cy",129920,"c","y",19814640,14373781,0.00655676812700105,0.00903867952350185
"78","cz",628,"c","z",19814640,458700,3.16937375597033e-05,0.00136908654894266
"79","da",940192,"d","a",32242297,60283697,0.0291602053042313,0.0155961237745588
"80","db",5974,"d","b",32242297,10960911,0.00018528456579877,0.000545027689760459
"81","dc",4999,"d","c",32242297,19814640,0.000155044784805499,0.000252288207103435
"82","dd",306083,"d","d",32242297,32242297,0.00949321321616757,0.00949321321616757
"83","de",4091376,"d","e",32242297,97935156,0.126894681231923,0.041776377014195
"84","df",28745,"d","f",32242297,18008835,0.000891530774001617,0.00159616099542252
"85","dg",179532,"d","g",32242297,14743382,0.00556821370388096,0.0121771246244586
"86","dh",21209,"d","h",32242297,46324263,0.000657800528293626,0.000457837828958013
"87","di",2409707,"d","i",32242297,51122693,0.0747374481414894,0.0471357602386087
"88","dj",15455,"d","j",32242297,892366,0.000479339297693337,0.0173191269053281
"89","dk",5347,"d","k",32242297,5338371,0.000165838060483098,0.00100161641069907
"90","dl",271559,"d","l",32242297,30253245,0.00842244583256584,0.00897619412396918
"91","dm",96548,"d","m",32242297,18391177,0.00299445166701367,0.00524969119703432
"92","dn",128390,"d","n",32242297,53779423,0.00398203639151392,0.00238734431940633
"93","do",1453203,"d","o",32242297,59499493,0.0450713235474507,0.0244237879472351
"94","dp",3184,"d","p",32242297,13324156,9.87522694180256e-05,0.000238964479251069
"95","dq",2990,"d","q",32242297,762186,9.27353283793645e-05,0.00392292694958973
"96","dr",567936,"d","r",32242297,46936590,0.0176146259058404,0.0121000694767132
"97","ds",809349,"d","s",32242297,47770576,0.0251020887252543,0.0169424166038944
"98","dt",11191,"d","t",32242297,70213254,0.000347090655482765,0.000159385861820334
"99","du",449830,"d","u",32242297,21856142,0.0139515494196955,0.0205813999561313
"100","dv",103535,"d","v",32242297,7408891,0.00321115458988545,0.0139744261320621
"101","dw",46506,"d","w",32242297,16150307,0.00144239103063904,0.00287957374432573
"102","dx",10,"d","x",32242297,1245155,3.10151599930985e-07,8.03112865466548e-06
"103","dy",360103,"d","y",32242297,14373781,0.0111686521589948,0.0250527679529833
"104","dz",388,"d","z",32242297,458700,1.20338820773222e-05,0.000845868759537824
"105","ea",4607205,"e","a",97935156,60283697,0.0470434233034764,0.0764253891064445
"106","eb",155593,"e","b",97935156,10960911,0.00158873489720076,0.0141952616894709
"107","ec",2280315,"e","c",97935156,19814640,0.0232839267647667,0.115082333062826
"108","ed",7805967,"e","d",97935156,32242297,0.0797054634803461,0.242103315405847
"109","ee",2839722,"e","e",97935156,97935156,0.0289959409468853,0.0289959409468853
"110","ef",933186,"e","f",97935156,18008835,0.00952861095151572,0.0518182325508563
"111","eg",540490,"e","g",97935156,14743382,0.00551885576207179,0.036659838292191
"112","eh",147038,"e","h",97935156,46324263,0.00150138117919575,0.00317410338508785
"113","ei",1243103,"e","i",97935156,51122693,0.0126931231926562,0.0243160703603779
"114","ej",30788,"e","j",97935156,892366,0.00031437127643928,0.0345015386063566
"115","ek",116744,"e","k",97935156,5338371,0.00119205405666582,0.0218688435105016
"116","el",3235254,"e","l",97935156,30253245,0.0330346540725375,0.106939073808446
"117","em",2039661,"e","m",97935156,18391177,0.0208266477872359,0.110904321131812
"118","en",8326622,"e","n",97935156,53779423,0.0850217872732035,0.154829143481141
"119","eo",305120,"e","o",97935156,59499493,0.00311553085186284,0.00512811092356703
"120","ep",966201,"e","p",97935156,13324156,0.00986572176389855,0.0725149870655973
"121","eq",190095,"e","q",97935156,762186,0.001941029225501,0.249407624910455
"122","er",12934901,"e","r",97935156,46936590,0.132076177016556,0.275582461359038
"123","es",6783768,"e","s",97935156,47770576,0.0692679552172256,0.142007247306375
"124","et",2499226,"e","t",97935156,70213254,0.0255191914944211,0.0355947895535507
"125","eu",114800,"e","u",97935156,21856142,0.00117220418784037,0.00525252809942395
"126","ev",1414234,"e","v",97935156,7408891,0.0144405140887303,0.190883358926457
"127","ew",677613,"e","w",97935156,16150307,0.00691899648375503,0.0419566637340083
"128","ex",894734,"e","x",97935156,1245155,0.00913598381361643,0.718572386570347
"129","ey",1258351,"e","y",97935156,14373781,0.0128488180485463,0.0875448846757857
"130","ez",30480,"e","z",97935156,458700,0.000311226338374342,0.0664486592544146
"131","fa",1043958,"f","a",18008835,60283697,0.057969213444401,0.017317418339489
"132","fb",134,"f","b",18008835,10960911,7.440792255579e-06,1.22252612031974e-05
"133","fc",281,"f","c",18008835,19814640,1.560345241655e-05,1.41814335259182e-05
"134","fd",401,"f","d",18008835,32242297,2.22668484663222e-05,1.24370791572325e-05
"135","fe",1410143,"f","e",18008835,97935156,0.0783028441317831,0.0143987415509911
"136","ff",760967,"f","f",18008835,18008835,0.0422552041817253,0.0422552041817253
"137","fg",861,"f","g",18008835,14743382,4.78098666571158e-05,5.8399083738046e-05
"138","fh",572,"f","h",18008835,46324263,3.17621878372477e-05,1.23477409667586e-05
"139","fi",1367025,"f","i",18008835,51122693,0.0759085748744991,0.0267400819436488
"140","fj",187,"f","j",18008835,892366,1.03837921775617e-05,0.000209555272164112
"141","fk",115,"f","k",18008835,5338371,6.38575454769839e-06,2.15421520909656e-05
"142","fl",384066,"f","l",18008835,30253245,0.0213265322270985,0.0126950348632023
"143","fm",841,"f","m",18008835,18391177,4.66993006488204e-05,4.57284490274875e-05
"144","fn",1332,"f","n",18008835,53779423,7.39636961524718e-05,2.47678373194893e-05
"145","fo",2869774,"f","o",18008835,59499493,0.159353672794492,0.0482319067828023
"146","fp",708,"f","p",18008835,13324156,3.93140366936562e-05,5.3136573903818e-05
"147","fq",2,"f","q",18008835,762186,1.11056600829537e-07,2.62403140440785e-06
"148","fr",1242560,"f","r",18008835,46936590,0.0689972449633749,0.0264731630482743
"149","fs",28293,"f","s",18008835,47770576,0.00157106220363505,0.000592268345267597
"150","ft",602744,"f","t",18008835,70213254,0.0334693499051993,0.00858447608766288
"151","fu",649226,"f","u",18008835,21856142,0.0360504163650786,0.0297045105215733
"152","fv",117,"f","v",18008835,7408891,6.49681114852793e-06,1.57918371319e-05
"153","fw",887,"f","w",18008835,16150307,4.92536024678998e-05,5.49215565995123e-05
"154","fx",2,"f","x",18008835,1245155,1.11056600829537e-07,1.6062257309331e-06
"155","fy",37842,"f","y",18008835,14373781,0.00210130194429567,0.00263271021034758
"156","fz",54,"f","z",18008835,458700,2.99852822239751e-06,0.000117724002616089
"157","ga",890709,"g","a",14743382,60283697,0.0604141573487006,0.0147752882508185
"158","gb",5492,"g","b",14743382,10960911,0.000372506118338384,0.000501053242745973
"159","gc",416,"g","c",14743382,19814640,2.82160497503219e-05,2.09945777465551e-05
"160","gd",19832,"g","d",14743382,32242297,0.00134514591021246,0.00061509265298313
"161","ge",1931850,"g","e",14743382,97935156,0.131031672380191,0.0197258071452911
"162","gf",4732,"g","f",14743382,18008835,0.000320957565909911,0.000262759917562685
"163","gg",161875,"g","g",14743382,14743382,0.0109795025320513,0.0109795025320513
"164","gh",1944376,"g","h",14743382,46324263,0.131881273916663,0.0419731664160529
"165","gi",777881,"g","i",14743382,51122693,0.0527613677784378,0.0152159628992941
"166","gj",61,"g","j",14743382,892366,4.13744960281162e-06,6.83576021497906e-05
"167","gk",708,"g","k",14743382,5338371,4.80215462096824e-05,0.000132624727655684
"168","gl",463763,"g","l",14743382,30253245,0.0314556727893234,0.0153293638417961
"169","gm",32861,"g","m",14743382,18391177,0.00222886444914742,0.00178678069380769
"170","gn",269963,"g","n",14743382,53779423,0.0183107919200628,0.00501981956928024
"171","go",856077,"g","o",14743382,59499493,0.0580651712069863,0.0143879713395205
"172","gp",1015,"g","p",14743382,13324156,6.88444483090786e-05,7.61774329270837e-05
"173","gq",4,"g","q",14743382,762186,2.71308170676172e-07,5.2480628088157e-06
"174","gr",1096998,"g","r",14743382,46936590,0.0744061301538548,0.0233719151732156
"175","gs",349745,"g","s",14743382,47770576,0.0237221690382844,0.00732134776855108
"176","gt",87371,"g","t",14743382,70213254,0.00592611654503695,0.00124436619900852
"177","gu",430380,"g","u",14743382,21856142,0.0291914026239027,0.0196914899253491
"178","gv",110,"g","v",14743382,7408891,7.46097469359473e-06,1.48470263633248e-05
"179","gw",5395,"g","w",14743382,16150307,0.000365926895199487,0.000334049377513381
"180","gx",5,"g","x",14743382,1245155,3.39135213345215e-07,4.01556432733274e-06
"181","gy",52572,"g","y",14743382,14373781,0.00356580328719693,0.00365749276408205
"182","gz",638,"g","z",14743382,458700,4.32736532228494e-05,0.00139088729016787
"183","ha",6967591,"h","a",46324263,60283697,0.150409106346711,0.115580021576978
"184","hb",35315,"h","b",46324263,10960911,0.000762343482938951,0.00322190372679789
"185","hc",3548,"h","c",46324263,19814640,7.65905331294747e-05,0.00017905952366533
"186","hd",14224,"h","d",46324263,32242297,0.000307052915229326,0.000441159635741833
"187","he",21484684,"h","e",46324263,97935156,0.463789008364796,0.219376625080375
"188","hf",28194,"h","f",46324263,18008835,0.0006086227426867,0.00156556490189399
"189","hg",1461,"h","g",46324263,14743382,3.15385481685915e-05,9.90953093394718e-05
"190","hh",2938,"h","h",46324263,46324263,6.34224876928965e-05,6.34224876928965e-05
"191","hi",6198006,"h","i",46324263,51122693,0.133796105941286,0.121237862019515
"192","hj",114,"h","j",46324263,892366,2.46091340945888e-06,0.0001277502728701
"193","hk",1984,"h","k",46324263,5338371,4.28285281084774e-05,0.000371648954334571
"194","hl",62996,"h","l",46324263,30253245,0.00135989211528309,0.00208228902387165
"195","hm",74419,"h","m",46324263,18391177,0.00160647995630281,0.0040464511868925
"196","hn",82222,"h","n",46324263,53779423,0.00177492300309235,0.00152887471477706
"197","ho",3374563,"h","o",46324263,59499493,0.0728465555944193,0.0567158278138605
"198","hp",1936,"h","p",46324263,13324156,4.17923540413368e-05,0.000145300009996881
"199","hq",1519,"h","q",46324263,762186,3.2790591833053e-05,0.00199295185164776
"200","hr",540286,"h","r",46324263,46936590,0.0116631321258149,0.011510976830656
"201","hs",93254,"h","s",46324263,47770576,0.00201307034285683,0.00195212215988352
"202","ht",1311810,"h","t",46324263,70213254,0.0283179896461602,0.0186832246800583
"203","hu",519136,"h","u",46324263,21856142,0.0112065679274811,0.0237524079043776
"204","hv",809,"h","v",46324263,7408891,1.74638504232652e-05,0.000109193130253907
"205","hw",26095,"h","w",46324263,16150307,0.000563311714209031,0.00161575875926074
"206","hx",15,"h","x",46324263,1245155,3.23804395981432e-07,1.20466929819982e-05
"207","hy",275430,"h","y",46324263,14373781,0.00594569631901105,0.0191619727613771
"208","hz",288,"h","z",46324263,458700,6.21704440284349e-06,0.000627861347285808
"209","ia",1051585,"i","a",51122693,60283697,0.0205698279627014,0.0174439367910697
"210","ib",493267,"i","b",51122693,10960911,0.00964868967290123,0.0450023725217731
"211","ic",3051225,"i","c",51122693,19814640,0.0596843558300029,0.153988414626761
"212","id",1994117,"i","d",51122693,32242297,0.0390064936524373,0.0618478577999576
"213","ie",2076261,"i","e",51122693,97935156,0.0406132947652034,0.021200364453394
"214","if",1093111,"i","f",51122693,18008835,0.0213821091154177,0.0606985959946882
"215","ig",1609791,"i","g",51122693,14743382,0.0314887754445956,0.109187362845241
"216","ih",6884,"i","h",51122693,46324263,0.000134656443079006,0.000148604630795745
"217","ii",45477,"i","i",51122693,51122693,0.000889565813757112,0.000889565813757112
"218","ij",3347,"i","j",51122693,892366,6.54699469763848e-05,0.003750703186809
"219","ik",345556,"i","k",51122693,5338371,0.0067593465782407,0.06473060789518
"220","il",2666811,"i","l",51122693,30253245,0.0521649162730923,0.0881495852758935
"221","im",2082589,"i","m",51122693,18391177,0.0407370754118919,0.113238483866476
"222","in",13597302,"i","n",51122693,53779423,0.265973899301432,0.252834657597572
"223","io",3051880,"i","o",51122693,59499493,0.059697168144096,0.0512925379044826
"224","ip",436150,"i","p",51122693,13324156,0.00853143632319995,0.0327337806612291
"225","iq",27998,"i","q",51122693,762186,0.000547662854928241,0.0367338156303055
"226","ir",2142678,"i","r",51122693,46936590,0.0419124634142415,0.0456504829174851
"227","is",6729622,"i","s",51122693,47770576,0.131636688231584,0.140873788082438
"228","it",6637233,"i","t",51122693,70213254,0.129829486877775,0.0945296311149459
"229","iu",113615,"i","u",51122693,21856142,0.00222239857356497,0.00519830993045342
"230","iv",1337627,"i","v",51122693,7408891,0.0261650339898956,0.180543484848137
"231","iw",2564,"i","w",51122693,16150307,5.0153852419316e-05,0.000158758592019334
"232","ix",112135,"i","x",51122693,1245155,0.00219344861195008,0.0900570611690914
"233","iy",2315,"i","y",51122693,14373781,4.52832169854589e-05,0.000161057135905994
"234","iz",185925,"i","z",51122693,458700,0.00363683892787103,0.405330281229562
"235","ja",40073,"j","a",892366,60283697,0.0449064621466977,0.000664740253073729
"236","jb",10,"j","b",892366,10960911,1.12061642868509e-05,9.12332925611749e-07
"237","jc",25,"j","c",892366,19814640,2.80154107171273e-05,1.26169337419201e-06
"238","jd",91,"j","d",892366,32242297,0.000101976095010343,2.82237955937196e-06
"239","je",404608,"j","e",892366,97935156,0.453410371977417,0.00413138669018917
"240","jf",9,"j","f",892366,18008835,1.00855478581658e-05,4.99754703732918e-07
"241","jg",34,"j","g",892366,14743382,3.81009585752931e-05,2.30611945074746e-06
"242","jh",135,"j","h",892366,46324263,0.000151283217872487,2.91423956383289e-06
"243","ji",6332,"j","i",892366,51122693,0.007095743226434,0.000123858889828046
"244","jj",210,"j","j",892366,892366,0.000235329450023869,0.000235329450023869
"245","jk",198,"j","k",892366,5338371,0.000221882052879648,3.70899662087929e-05
"246","jl",41,"j","l",892366,30253245,4.59452735760887e-05,1.35522652198136e-06
"247","jm",136,"j","m",892366,18391177,0.000152403834301172,7.39485025890404e-06
"248","jn",609,"j","n",892366,53779423,0.00068245540506922,1.13240337294061e-05
"249","jo",172858,"j","o",892366,59499493,0.193707514629647,0.00290520122583229
"250","jp",298,"j","p",892366,13324156,0.000333943695748157,2.23653941007596e-05
"251","jq",0,"j","q",892366,762186,0,0
"252","jr",115,"j","r",892366,46936590,0.000128870889298785,2.45011407944207e-06
"253","js",141,"j","s",892366,47770576,0.000158006916444598,2.95160770094127e-06
"254","jt",51,"j","t",892366,70213254,5.71514378629396e-05,7.26358587511127e-07
"255","ju",263672,"j","u",892366,21856142,0.295475174984255,0.0120639772563703
"256","jv",9,"j","v",892366,7408891,1.00855478581658e-05,1.21475670245385e-06
"257","jw",6,"j","w",892366,16150307,6.72369857211055e-06,3.71509965723871e-07
"258","jx",2,"j","x",892366,1245155,2.24123285737018e-06,1.6062257309331e-06
"259","jy",152,"j","y",892366,14373781,0.000170333697160134,1.05748097873482e-05
"260","jz",4,"j","z",892366,458700,4.48246571474036e-06,8.72029649008066e-06
"261","ka",60568,"k","a",5338371,60283697,0.0113457831986574,0.0010047160843503
"262","kb",4680,"k","b",5338371,10960911,0.000876671928571469,0.000426971809186298
"263","kc",1101,"k","c",5338371,19814640,0.000206242690888288,5.55649761994162e-05
"264","kd",1003,"k","d",5338371,32242297,0.000187885030845552,3.11082054730778e-05
"265","ke",1701308,"k","e",5338371,97935156,0.318694223387621,0.0173717801603338
"266","kf",17409,"k","f",5338371,18008835,0.00326110718044887,0.000966692181920707
"267","kg",3514,"k","g",5338371,14743382,0.000658253238675244,0.000238344227939017
"268","kh",13173,"k","h",5338371,46324263,0.00246760669125469,0.000284365020550894
"269","ki",652399,"k","i",5338371,51122693,0.122209378104294,0.0127614364916183
"270","kj",176,"k","j",5338371,892366,3.29688588522604e-05,0.000197228491448576
"271","kk",1820,"k","k",5338371,5338371,0.000340927972222238,0.000340927972222238
"272","kl",82137,"k","l",5338371,30253245,0.0153861543156143,0.00271498148380446
"273","km",8408,"k","m",5338371,18391177,0.00157501230244207,0.00045717574247695
"274","kn",486863,"k","n",5338371,53779423,0.0912006677692502,0.00905296064630519
"275","ko",27802,"k","o",5338371,59499493,0.00520795576028717,0.00046726448576629
"276","kp",1041,"k","p",5338371,13324156,0.000195003307188654,7.8128776036546e-05
"277","kq",7,"k","q",5338371,762186,1.31126143162399e-06,9.18410991542747e-06
"278","kr",5683,"k","r",5338371,46936590,0.00106455695941702,0.000121078246204081
"279","ks",428528,"k","s",5338371,47770576,0.0802731769672808,0.00897054287141105
"280","kt",3908,"k","t",5338371,70213254,0.000732058524969508,5.56590070586958e-05
"281","ku",8936,"k","u",5338371,21856142,0.00167391887899886,0.00040885532313983
"282","kv",358,"k","v",5338371,7408891,6.70616560744841e-05,4.83203221642753e-05
"283","kw",14057,"k","w",5338371,16150307,0.00263320027776264,0.00087038593136341
"284","kx",2,"k","x",5338371,1245155,3.7464612332114e-07,1.6062257309331e-06
"285","ky",49764,"k","y",5338371,14373781,0.00932194484047662,0.00346213706748419
"286","kz",36,"k","z",5338371,458700,6.74363021978053e-06,7.8482668410726e-05
"287","la",2805282,"l","a",30253245,60283697,0.0927266480009004,0.046534670891203
"288","lb",36574,"l","b",30253245,10960911,0.0012089281662182,0.00333676644213241
"289","lc",56472,"l","c",30253245,19814640,0.00186664273534955,0.00285001392909485
"290","ld",2012500,"l","d",30253245,32242297,0.0665217896460363,0.0624180094861107
"291","le",5038239,"l","e",30253245,97935156,0.166535490655631,0.0514446415953021
"292","lf",489413,"l","f",30253245,18008835,0.0161772067756699,0.0271762720908932
"293","lg",37445,"l","g",30253245,14743382,0.00123771846623395,0.00253978361274231
"294","lh",7721,"l","h",30253245,46324263,0.00025521229210288,0.000166672916091509
"295","li",3348377,"l","i",30253245,51122693,0.110678275999814,0.0654968821771576
"296","lj",390,"l","j",30253245,892366,1.289117911153e-05,0.000437040407187186
"297","lk",182436,"l","k",30253245,5338371,0.00603029526254126,0.0341744700771078
"298","ll",4235407,"l","l",30253245,30253245,0.139998436531354,0.139998436531354
"299","lm",157166,"l","m",30253245,18391177,0.00519501296472494,0.00854572820434494
"300","ln",32936,"l","n",30253245,53779423,0.00108867660312142,0.000612427545011035
"301","lo",2267154,"l","o",30253245,59499493,0.0749392007369788,0.0381037532538302
"302","lp",109882,"l","p",30253245,13324156,0.00363207318752088,0.00824682629053578
"303","lq",741,"l","q",30253245,762186,2.4493240311907e-05,0.000972203635333108
"304","lr",70424,"l","r",30253245,46936590,0.00232781640448818,0.00150040725157068
"305","ls",600478,"l","s",30253245,47770576,0.0198483832064957,0.0125700389294029
"306","lt",543048,"l","t",30253245,70213254,0.0179500744465594,0.00773426623981848
"307","lu",568081,"l","u",30253245,21856142,0.0187775228739925,0.0259918241746416
"308","lv",185312,"l","v",30253245,7408891,0.00612535944491244,0.0250121104494586
"309","lw",101304,"l","w",30253245,16150307,0.00334853335567804,0.00627257426128184
"310","lx",604,"l","x",30253245,1245155,1.99648004701644e-05,0.000485080170741795
"311","ly",2589130,"l","y",30253245,14373781,0.0855818937770147,0.180128666215243
"312","lz",3453,"l","z",30253245,458700,0.000114136516595162,0.00752779594506213
"313","ma",2923135,"m","a",18391177,60283697,0.158942247143834,0.0484896438916147
"314","mb",474640,"m","b",18391177,10960911,0.0258080274035751,0.043302969981236
"315","mc",1865,"m","c",18391177,19814640,0.000101407321565118,9.41223257147241e-05
"316","md",1389,"m","d",18391177,32242297,7.55253456589538e-05,4.30800572304138e-05
"317","me",4724108,"m","e",18391177,97935156,0.256868171080078,0.0482371008833641
"318","mf",32893,"m","f",18391177,18008835,0.00178852065857449,0.00182649238554298
"319","mg",573,"m","g",18391177,14743382,3.11562441055295e-05,3.88648954493616e-05
"320","mh",2631,"m","h",18391177,46324263,0.000143057728170416,5.67952910551432e-05
"321","mi",1562884,"m","i",18391177,51122693,0.0849800967061543,0.0305712377084674
"322","mj",85,"m","j",18391177,892366,4.62178141181502e-06,9.52523964382327e-05
"323","mk",1143,"m","k",18391177,5338371,6.21493665141714e-05,0.000214110259478032
"324","ml",31656,"m","l",18391177,30253245,0.00172126014555784,0.00104636709219127
"325","mm",415443,"m","m",18391177,18391177,0.0225892557066902,0.0225892557066902
"326","mn",67759,"m","n",18391177,53779423,0.00368432101980205,0.00125994285955801
"327","mo",1875977,"m","o",18391177,59499493,0.10200418385403,0.0315292938714621
"328","mp",1042198,"m","p",18391177,13324156,0.0566683687509505,0.0782186879228973
"329","mq",492,"m","q",18391177,762186,2.67519582895646e-05,0.000645511725484331
"330","mr",8440,"m","r",18391177,46936590,0.000458915707243751,0.000179817068091227
"331","ms",553471,"m","s",18391177,47770576,0.0300943762326903,0.0115860231620402
"332","mt",8628,"m","t",18391177,70213254,0.000469138000248706,0.000122882782216588
"333","mu",642704,"m","u",18391177,21856142,0.0349463223588137,0.0294061047004545
"334","mv",1322,"m","v",18391177,7408891,7.18822944284643e-05,0.000178434262293776
"335","mw",3292,"m","w",18391177,16150307,0.000178998875384648,0.000203835134527164
"336","mx",8,"m","x",18391177,1245155,4.34991191700238e-07,6.42490292373239e-06
"337","my",727163,"m","y",18391177,14373781,0.03953868749129,0.0505895421670888
"338","mz",214,"m","z",18391177,458700,1.16360143779814e-05,0.000466535862219315
"339","na",1366255,"n","a",53779423,60283697,0.0254047909736778,0.0226637560068687
"340","nb",281526,"n","b",53779423,10960911,0.00523482745435926,0.0256845439215773
"341","nc",2084120,"n","c",53779423,19814640,0.0387531119476682,0.105180815800842
"342","nd",9414961,"n","d",53779423,32242297,0.175066233046048,0.292006521743783
"343","ne",4327022,"n","e",53779423,97935156,0.0804586914218102,0.0441825201156569
"344","nf",326686,"n","f",53779423,18008835,0.00607455383074675,0.0181403183492991
"345","ng",6239065,"n","g",53779423,14743382,0.116012122331621,0.423177327969933
"346","nh",60699,"n","h",53779423,46324263,0.00112866588397574,0.00131030686877846
"347","ni",1674922,"n","i",53779423,51122693,0.0311442910051303,0.0327627889242846
"348","nj",63162,"n","j",53779423,892366,0.00117446406964984,0.0707803748686077
"349","nk",445067,"n","k",53779423,5338371,0.00827578607528013,0.083371313084085
"350","nl",457557,"n","l",53779423,30253245,0.0085080310363315,0.0151242288223957
"351","nm",87142,"n","m",53779423,18391177,0.00162035951929049,0.00473825030339276
"352","nn",493180,"n","n",53779423,53779423,0.00917042192884814,0.00917042192884814
"353","no",3120135,"n","o",53779423,59499493,0.058017264335469,0.0524396905365227
"354","np",25280,"n","p",53779423,13324156,0.000470068263841358,0.00189730591566175
"355","nq",63121,"n","q",53779423,762186,0.00117370169627889,0.0828157431388139
"356","nr",54341,"n","r",53779423,46936590,0.00101044222806184,0.00115775347122575
"357","ns",2299629,"n","s",53779423,47770576,0.0427603881134984,0.0481390259979281
"358","nt",4962149,"n","t",53779423,70213254,0.092268542933233,0.0706725399737206
"359","nu",346004,"n","u",53779423,21856142,0.00643376184976919,0.0158309732797307
"360","nv",202644,"n","v",53779423,7408891,0.00376805827760554,0.0273514619124509
"361","nw",47285,"n","w",53779423,16150307,0.000879239630369407,0.00292780812154221
"362","nx",25901,"n","x",53779423,1245155,0.000481615431240309,0.0208014263284491
"363","ny",772297,"n","y",53779423,14373781,0.0143604552990463,0.053729564962761
"364","nz",18006,"n","z",53779423,458700,0.000334812071152195,0.0392544146500981
"365","oa",390733,"o","a",59499493,60283697,0.00656699713390835,0.0064815699674159
"366","ob",449522,"o","b",59499493,10960911,0.00755505597333409,0.0410113721386845
"367","oc",620101,"o","c",59499493,19814640,0.0104219543517791,0.0312950929211936
"368","od",1013147,"o","d",59499493,32242297,0.0170278257665154,0.0314229163015278
"369","oe",270012,"o","e",59499493,97935156,0.00453805547553153,0.00275704875581145
"370","of",6796521,"o","f",59499493,18008835,0.114228217037076,0.377399259863284
"371","og",274294,"o","g",59499493,14743382,0.00461002247531756,0.0186045508418625
"372","oh",93154,"o","h",59499493,46324263,0.00156562678609715,0.00201091164688362
"373","oi",531332,"o","i",59499493,51122693,0.00893002567265573,0.0103932709491654
"374","oj",239458,"o","j",59499493,892366,0.00402453849480701,0.268340568780075
"375","ok",652692,"o","k",59499493,5338371,0.010969706918343,0.122264263761361
"376","ol",1804856,"o","l",59499493,30253245,0.0303339727617511,0.0596582614526144
"377","om",3240116,"o","m",59499493,18391177,0.0544561951141332,0.176177740010876
"378","on",8830487,"o","n",59499493,53779423,0.148412810845296,0.164198247348247
"379","oo",1933683,"o","o",59499493,59499493,0.0324991508751175,0.0324991508751175
"380","op",1106675,"o","p",59499493,13324156,0.0185997383204593,0.0830577936793895
"381","oq",13524,"o","q",59499493,762186,0.000227296054438649,0.0177437003566059
"382","or",7218531,"o","r",59499493,46936590,0.121320882515755,0.153793255965122
"383","os",1663622,"o","s",59499493,47770576,0.0279602718631569,0.0348252447280518
"384","ot",2906507,"o","t",59499493,70213254,0.0488492733879262,0.0413954180217883
"385","ou",7425307,"o","u",59499493,21856142,0.124796139019201,0.339735484881092
"386","ov",1050595,"o","v",59499493,7408891,0.0176572092807581,0.141801924201611
"387","ow",2571527,"o","w",59499493,16150307,0.0432193094485696,0.159224651271335
"388","ox",48384,"o","x",59499493,1245155,0.000813183399730818,0.0388578128827335
"389","oy",288709,"o","y",59499493,14373781,0.00485229344727358,0.0200858076243126
"390","oz",23805,"o","z",59499493,458700,0.000400087442761907,0.0518966644865925
"391","pa",1540018,"p","a",13324156,60283697,0.115580904336455,0.025546177103239
"392","pb",6035,"p","b",13324156,10960911,0.000452936756369409,0.00055059292060669
"393","pc",674,"p","c",13324156,19814640,5.05848175299058e-05,3.40152533682166e-05
"394","pd",4325,"p","d",13324156,32242297,0.000324598421093238,0.000134140566970151
"395","pe",2409684,"p","e",13324156,97935156,0.180850779591593,0.0246048926495813
"396","pf",3172,"p","f",13324156,18008835,0.000238063859354394,0.000176135768915646
"397","pg",19319,"p","g",13324156,14743382,0.0014499229819885,0.00131035063732324
"398","ph",325260,"p","h",13324156,46324263,0.0244113022993727,0.00702137452246137
"399","pi",763496,"p","i",13324156,51122693,0.0573016407193071,0.0149345810088682
"400","pj",220,"p","j",13324156,892366,1.65113647723728e-05,0.00024653561431072
"401","pk",3588,"p","k",13324156,5338371,0.000269285349105789,0.000672115145238126
"402","pl",1324561,"p","l",13324156,30253245,0.0994104992466315,0.0437824438337111
"403","pm",26678,"p","m",13324156,18391177,0.00200222813362437,0.00145058687652237
"404","pn",3888,"p","n",13324156,53779423,0.000291800846522662,7.22953089325633e-05
"405","po",1725805,"p","o",13324156,59499493,0.129524526731749,0.029005373205449
"406","pp",805170,"p","p",13324156,13324156,0.0604293435171429,0.0604293435171429
"407","pq",11,"p","q",13324156,762186,8.25568238618641e-07,1.44321727242432e-05
"408","pr",1901877,"p","r",13324156,46936590,0.142739022269028,0.0405201357831917
"409","ps",271689,"p","s",13324156,47770576,0.0203907099256418,0.00568737123873072
"410","pt",509969,"p","t",13324156,70213254,0.0382740190072827,0.00726314436302867
"411","pu",514720,"p","u",13324156,21856142,0.0386305894347079,0.0235503594367204
"412","pv",38,"p","v",13324156,7408891,2.85196300613712e-06,5.12897274369403e-06
"413","pw",8951,"p","w",13324156,16150307,0.000671787391261405,0.000554230950532395
"414","px",5,"p","x",13324156,1245155,3.75258290281201e-07,4.01556432733274e-06
"415","py",149099,"p","y",13324156,14373781,0.0111901271645273,0.0103729839768673
"416","pz",458,"p","z",13324156,458700,3.4373659389758e-05,0.000998473948114236
"417","qa",123,"q","a",762186,60283697,0.000161377931371083,2.04035263464349e-06
"418","qb",4,"q","b",762186,10960911,5.2480628088157e-06,3.649331702447e-07
"419","qc",2,"q","c",762186,19814640,2.62403140440785e-06,1.00935469935361e-07
"420","qd",5,"q","d",762186,32242297,6.56007851101962e-06,1.55075799965493e-07
"421","qe",104,"q","e",762186,97935156,0.000136449633029208,1.06192713881009e-06
"422","qf",11,"q","f",762186,18008835,1.44321727242432e-05,6.10811304562455e-07
"423","qg",1,"q","g",762186,14743382,1.31201570220392e-06,6.7827042669043e-08
"424","qh",11,"q","h",762186,46324263,1.44321727242432e-05,2.3745655705305e-07
"425","qi",36,"q","i",762186,51122693,4.72325652793413e-05,7.04188255497417e-07
"426","qj",0,"q","j",762186,892366,0,0
"427","qk",0,"q","k",762186,5338371,0,0
"428","ql",4,"q","l",762186,30253245,5.2480628088157e-06,1.32217221656718e-07
"429","qm",2,"q","m",762186,18391177,2.62403140440785e-06,1.08747797925059e-07
"430","qn",10,"q","n",762186,53779423,1.31201570220392e-05,1.8594472462079e-07
"431","qo",12,"q","o",762186,59499493,1.57441884264471e-05,2.01682390806254e-07
"432","qp",0,"q","p",762186,13324156,0,0
"433","qq",662,"q","q",762186,762186,0.000868554394858998,0.000868554394858998
"434","qr",99,"q","r",762186,46936590,0.000129889554518188,2.10922864230231e-06
"435","qs",28,"q","s",762186,47770576,3.67364396617099e-05,5.86134862598266e-07
"436","qt",46,"q","t",762186,70213254,6.03527223013805e-05,6.55146961284546e-07
"437","qu",754770,"q","u",762186,21856142,0.990270091552456,0.0345335421045489
"438","qv",11,"q","v",762186,7408891,1.44321727242432e-05,1.48470263633248e-06
"439","qw",7,"q","w",762186,16150307,9.18410991542747e-06,4.33428293344517e-07
"440","qx",8,"q","x",762186,1245155,1.04961256176314e-05,6.42490292373239e-06
"441","qy",8,"q","y",762186,14373781,1.04961256176314e-05,5.56568936176223e-07
"442","qz",3,"q","z",762186,458700,3.93604710661177e-06,6.5402223675605e-06
"443","ra",3193102,"r","a",46936590,60283697,0.0680301231938664,0.0529679193364667
"444","rb",131499,"r","b",46936590,10960911,0.00280163088115264,0.0119970867385019
"445","rc",583069,"r","c",46936590,19814640,0.0124224831842279,0.0294261717598705
"446","rd",1315124,"r","d",46936590,32242297,0.0280191637270624,0.0407887812707637
"447","re",10687711,"r","e",46936590,97935156,0.227705314766156,0.109130484256338
"448","rf",189309,"r","f",46936590,18008835,0.00403329257621826,0.0105120070232194
"449","rg",711487,"r","g",46936590,14743382,0.0151584723133913,0.0482580591074694
"450","rh",95387,"r","h",46936590,46324263,0.00203225244952818,0.00205911532796539
"451","ri",3848979,"r","i",46936590,51122693,0.0820038055597989,0.0752890502071164
"452","rj",4952,"r","j",46936590,892366,0.000105504042794758,0.00554929255484857
"453","rk",679970,"r","k",46936590,5338371,0.0144869919182454,0.127374062237338
"454","rl",536247,"r","l",46936590,30253245,0.011424924563118,0.0177252721154375
"455","rm",905131,"r","m",46936590,18391177,0.0192841235377346,0.0492155015418535
"456","rn",994927,"r","n",46936590,53779423,0.0211972578323223,0.0185001427032789
"457","ro",4127469,"r","o",46936590,59499493,0.0879371296466147,0.0693698179915583
"458","rp",205175,"r","p",46936590,13324156,0.00437132309782198,0.0153987239416891
"459","rq",8422,"r","q",46936590,762186,0.000179433571974445,0.0110497962439614
"460","rr",813958,"r","r",46936590,46936590,0.0173416517902131,0.0173416517902131
"461","rs",2323238,"r","s",46936590,47770576,0.0494973750756073,0.0486332423540382
"462","rt",2070845,"r","t",46936590,70213254,0.0441200564421063,0.0294936480226369
"463","ru",705492,"r","u",46936590,21856142,0.015030746801163,0.0322788898424983
"464","rv",309340,"r","v",46936590,7408891,0.00659059382030096,0.0417525375930082
"465","rw",102941,"r","w",46936590,16150307,0.0021931929865378,0.00637393456359684
"466","rx",560,"r","x",46936590,1245155,1.19309902998918e-05,0.000449743204661267
"467","ry",1560383,"r","y",46936590,14373781,0.0332444900662788,0.108557588292183
"468","rz",4982,"r","z",46936590,458700,0.000106143202989395,0.0108611292783955
"469","sa",1682340,"s","a",47770576,60283697,0.0352170758836988,0.0279070475720824
"470","sb",59486,"s","b",47770576,10960911,0.00124524351559002,0.00542710364129405
"471","sc",677053,"s","c",47770576,19814640,0.0141730131116694,0.034169331363073
"472","sd",32236,"s","d",47770576,32242297,0.000674808693954203,0.000999804697537523
"473","se",5334516,"s","e",47770576,97935156,0.111669492953152,0.0544698780078525
"474","sf",71474,"s","f",47770576,18008835,0.00149619297033387,0.00396882974384517
"475","sg",24337,"s","g",47770576,14743382,0.000509455862537642,0.0016507067374365
"476","sh",2401585,"s","h",47770576,46324263,0.050273310499752,0.0518429186882045
"477","si",2470177,"s","i",47770576,51122693,0.0517091734460141,0.0483186008999956
"478","sj",902,"s","j",47770576,892366,1.88819159308441e-05,0.00101079601867395
"479","sk",267358,"s","k",47770576,5338371,0.00559670873551954,0.0500823191194467
"480","sl",427525,"s","l",47770576,30253245,0.00894954668329727,0.0141315419221971
"481","sm",303465,"s","m",47770576,18391177,0.00635255057422795,0.0165005752486641
"482","sn",113469,"s","n",47770576,53779423,0.00237529059729152,0.00210989619579965
"483","so",2265313,"s","o",47770576,59499493,0.047420675857038,0.0380728118137074
"484","sp",983103,"s","p",47770576,13324156,0.020579676493748,0.0737835101900638
"485","sq",54135,"s","q",47770576,762186,0.0011332289566699,0.0710259700388094
"486","sr",15226,"s","r",47770576,46936590,0.000318731764925757,0.00032439510411813
"487","ss",2326056,"s","s",47770576,47770576,0.0486922326412811,0.0486922326412811
"488","st",5812318,"s","t",47770576,70213254,0.121671507582408,0.0827809233852059
"489","su",1462422,"s","u",47770576,21856142,0.0306134470725243,0.0669112600018796
"490","sv",4077,"s","v",47770576,7408891,8.53454226718974e-05,0.000550284786211594
"491","sw",239819,"s","w",47770576,16150307,0.00502022416476619,0.0148491914116555
"492","sx",1,"s","x",47770576,1245155,2.09333879499381e-08,8.03112865466548e-07
"493","sy",160250,"s","y",47770576,14373781,0.00335457541897757,0.01114877150278
"494","sz",1094,"s","z",47770576,458700,2.29011264172322e-05,0.00238500109003706
"495","ta",2537258,"t","a",70213254,60283697,0.0361364536672805,0.0420886263826852
"496","tb",8255,"t","b",70213254,10960911,0.000117570394900085,0.000753130830092499
"497","tc",216735,"t","c",70213254,19814640,0.00308681036204361,0.0109381245382202
"498","td",4708,"t","d",70213254,32242297,6.70528672549488e-05,0.000146019373247508
"499","te",6569019,"t","e",70213254,97935156,0.0935581051406619,0.0670751879947993
"500","tf",54585,"t","f",70213254,18008835,0.000777417323515586,0.00303101227814015
"501","tg",4514,"t","g",70213254,14743382,6.42898561573574e-05,0.00030617127060806
"502","th",22288309,"t","h",70213254,46324263,0.317437345946109,0.481136828879501
"503","ti",5135552,"t","i",70213254,51122693,0.0731422018982342,0.100455427886007
"504","tj",1147,"t","j",70213254,892366,1.63359470563777e-05,0.0012853470437018
"505","tk",2688,"t","k",70213254,5338371,3.828337025941e-05,0.000503524389743613
"506","tl",888458,"t","l",70213254,30253245,0.0126537078028032,0.0293673620796711
"507","tm",242702,"t","m",70213254,18391177,0.00345664082168874,0.0131966540260039
"508","tn",101678,"t","n",70213254,53779423,0.00144813114629326,0.00189064877099927
"509","to",6741908,"t","o",70213254,59499493,0.0960204465099994,0.113310343669651
"510","tp",37572,"t","p",70213254,13324156,0.000535112644117021,0.00281984089648905
"511","tq",386,"t","q",70213254,762186,5.49753754469206e-06,0.000506438061050715
"512","tr",2150259,"t","r",70213254,46936590,0.0306246880396684,0.0458119986986698
"513","ts",1467672,"t","s",70213254,47770576,0.0209030619774437,0.0307233473592615
"514","tt",1357613,"t","t",70213254,70213254,0.0193355659032695,0.0193355659032695
"515","tu",1152774,"t","u",70213254,21856142,0.0164181822423442,0.0527437092969107
"516","tv",875,"t","v",70213254,7408891,1.24620345896517e-05,0.000118101346071902
"517","tw",435057,"t","w",70213254,16150307,0.00619622329425154,0.0269380018596551
"518","tx",2757,"t","x",70213254,1245155,3.92660907013368e-05,0.00221418217009127
"519","ty",1071482,"t","y",70213254,14373781,0.0152603951385019,0.0745441996089964
"520","tz",19172,"t","z",70213254,458700,0.000273053859603203,0.0417963810769566
"521","ua",530740,"u","a",21856142,60283697,0.0242833341767271,0.00880403867732266
"522","ub",436397,"u","b",21856142,10960911,0.019966790113278,0.039813935173819
"523","uc",891233,"u","c",21856142,19814640,0.0407772332372291,0.0449785108384508
"524","ud",458716,"u","d",21856142,32242297,0.0209879675928167,0.0142271501313942
"525","ue",710781,"u","e",21856142,97935156,0.0325208813156503,0.00725766955433246
"526","uf",122981,"u","f",21856142,18008835,0.00562683935710154,0.00682892591330866
"527","ug",1018481,"u","g",21856142,14743382,0.0465993037563537,0.0690805542446095
"528","uh",6394,"u","h",21856142,46324263,0.000292549343795442,0.000138027020527018
"529","ui",599136,"u","i",21856142,51122693,0.0274127062315023,0.011719570406825
"530","uj",2229,"u","j",21856142,892366,0.000101985062139512,0.00249785401953907
"531","uk",33610,"u","k",21856142,5338371,0.00153778283468327,0.00629592810241177
"532","ul",2181271,"u","l",21856142,30253245,0.0998012824038204,0.0721003978250928
"533","um",630614,"u","m",21856142,18391177,0.0288529421157677,0.0342889419203567
"534","un",2505435,"u","n",21856142,53779423,0.114632994240246,0.046587242113029
"535","uo",58094,"u","o",21856142,59499493,0.00265801713769978,0.000976378067624879
"536","up",968744,"u","p",21856142,13324156,0.0443236505326512,0.0727058434320343
"537","uq",2745,"u","q",21856142,762186,0.000125593986349466,0.00360148310254977
"538","ur",3191762,"u","r",21856142,46936590,0.146035013864753,0.068001574038506
"539","us",2780147,"u","s",21856142,47770576,0.12720209266576,0.0581978957088564
"540","ut",3257233,"u","t",21856142,70213254,0.149030556261942,0.0463905717857771
"541","uu",1815,"u","u",21856142,21856142,8.30430182966417e-05,8.30430182966417e-05
"542","uv",15811,"u","v",21856142,7408891,0.000723412210627109,0.00213405758027753
"543","uw",940,"u","w",21856142,16150307,4.30085053437153e-05,5.82032279634065e-05
"544","ux",25145,"u","x",21856142,1245155,0.00115047751794438,0.0201942730021564
"545","uy",20977,"u","y",21856142,14373781,0.000959775975101187,0.00145939332177108
"546","uz",19836,"u","z",21856142,458700,0.000907570970210571,0.04324395029431
"547","va",560130,"v","a",7408891,60283697,0.0756024079717194,0.00929156683937284
"548","vb",54,"v","b",7408891,10960911,7.28854021472309e-06,4.92659779830344e-06
"549","vc",21,"v","c",7408891,19814640,2.83443230572565e-06,1.05982243432129e-06
"550","vd",272,"v","d",7408891,32242297,3.67126470074941e-05,8.43612351812279e-06
"551","ve",5197932,"v","e",7408891,97935156,0.701580303988816,0.0530752409277829
"552","vf",8,"v","f",7408891,18008835,1.07978373551453e-06,4.44226403318149e-07
"553","vg",111,"v","g",7408891,14743382,1.49819993302641e-05,7.52880173626377e-06
"554","vh",55,"v","h",7408891,46324263,7.42351318166241e-06,1.18728278526525e-06
"555","vi",1170501,"v","i",7408891,51122693,0.157985992775437,0.0228959182568884
"556","vj",40,"v","j",7408891,892366,5.39891867757266e-06,4.48246571474036e-05
"557","vk",142,"v","k",7408891,5338371,1.9166161305383e-05,2.6599874755801e-05
"558","vl",641,"v","l",7408891,30253245,8.65176718081019e-05,2.11878097704891e-05
"559","vm",59,"v","m",7408891,18391177,7.96340504941968e-06,3.20806003878925e-06
"560","vn",2841,"v","n",7408891,53779423,0.000383458199074598,5.28268962647665e-05
"561","vo",368238,"v","o",7408891,59499493,0.0497021753998,0.00618892668547613
"562","vp",656,"v","p",7408891,13324156,8.85422663121917e-05,4.92338876848935e-05
"563","vq",2,"v","q",7408891,762186,2.69945933878633e-07,2.62403140440785e-06
"564","vr",9369,"v","r",7408891,46936590,0.00126456172725446,0.000199609728785155
"565","vs",2047,"v","s",7408891,47770576,0.000276289663324781,4.28506451335232e-05
"566","vt",313,"v","t",7408891,70213254,4.22465386520061e-05,4.45784780178398e-06
"567","vu",13333,"v","u",7408891,21856142,0.00179959456820191,0.000610034469944421
"568","vv",833,"v","v",7408891,7408891,0.000112432481460451,0.000112432481460451
"569","vw",5,"v","w",7408891,16150307,6.74864834696583e-07,3.09591638103226e-07
"570","vx",19,"v","x",7408891,1245155,2.56448637184701e-06,1.52591444438644e-05
"571","vy",41160,"v","y",7408891,14373781,0.00555548731922227,0.00286354717662666
"572","vz",9,"v","z",7408891,458700,1.21475670245385e-06,1.96206671026815e-05
"573","wa",3217410,"w","a",16150307,60283697,0.19921664646994,0.0533711460994172
"574","wb",12905,"w","b",16150307,10960911,0.000799056017944427,0.00117736564050196
"575","wc",3170,"w","c",16150307,19814640,0.000196281098557445,0.000159982719847547
"576","wd",38964,"w","d",16150307,32242297,0.00241258571741082,0.00120847469397109
"577","we",2443044,"w","e",16150307,97935156,0.151269198783652,0.0249455262010304
"578","wf",18073,"w","f",16150307,18008835,0.00111904993508792,0.00100356297339611
"579","wg",1365,"w","g",16150307,14743382,8.45185172021807e-05,9.25839132432436e-05
"580","wh",2825082,"w","h",16150307,46324263,0.174924352831188,0.0609849313738677
"581","wi",2802707,"w","i",16150307,51122693,0.173538930250676,0.0548231486944555
"582","wj",11,"w","j",16150307,892366,6.81101603827098e-07,1.2326780715536e-05
"583","wk",11080,"w","k",16150307,5338371,0.000686055070036749,0.00207553952319912
"584","wl",104167,"w","l",16150307,30253245,0.00644984643325975,0.00344316783207884
"585","wm",4015,"w","m",16150307,18391177,0.000248602085396891,0.000218311204334557
"586","wn",668704,"w","n",16150307,53779423,0.0414050333532359,0.0124341981132821
"587","wo",1723496,"w","o",16150307,59499493,0.106715989980872,0.0289665661520847
"588","wp",2326,"w","p",16150307,13324156,0.000144022030045621,0.000174570156638814
"589","wq",14,"w","q",16150307,762186,8.66856586689033e-07,1.83682198308549e-05
"590","wr",212833,"w","r",16150307,46936590,0.0131782634224848,0.004534479390173
"591","ws",229110,"w","s",16150307,47770576,0.014186108041166,0.00479604851321031
"592","wt",15024,"w","t",16150307,70213254,0.000930260954172574,0.000213976694485631
"593","wu",9358,"w","u",16150307,21856142,0.000579431709873998,0.000428163396815412
"594","wv",29,"w","v",16150307,7408891,1.79563150099871e-06,3.91421604124018e-06
"595","ww",50533,"w","w",16150307,16150307,0.00312891884965407,0.00312891884965407
"596","wx",7,"w","x",16150307,1245155,4.33428293344517e-07,5.62179005826584e-06
"597","wy",17747,"w","y",16150307,14373781,0.00109886456028359,0.00123467861378993
"598","wz",196,"w","z",16150307,458700,1.21359922136465e-05,0.000427294528013952
"599","xa",93021,"x","a",1245155,60283697,0.0747063618585638,0.00154305400347295
"600","xb",516,"x","b",1245155,10960911,0.000414406238580739,4.70763789615662e-05
"601","xc",177434,"x","c",1245155,19814640,0.142499528171192,0.00895469208625541
"602","xd",159,"x","d",1245155,32242297,0.000127694945609181,4.93141043890266e-06
"603","xe",114458,"x","e",1245155,97935156,0.0919226923555702,0.00116871208128775
"604","xf",5161,"x","f",1245155,18008835,0.00414486549867286,0.000286581558440621
"605","xg",99,"x","g",1245155,14743382,7.95081736811883e-05,6.71487722423525e-06
"606","xh",24822,"x","h",1245155,46324263,0.0199348675466107,0.000535831514470074
"607","xi",125667,"x","i",1245155,51122693,0.100924784464585,0.00245814515287761
"608","xj",8,"x","j",1245155,892366,6.42490292373239e-06,8.96493142948073e-06
"609","xk",5,"x","k",1245155,5338371,4.01556432733274e-06,9.36615308302851e-07
"610","xl",2082,"x","l",1245155,30253245,0.00167208098590135,6.88190638723218e-05
"611","xm",475,"x","m",1245155,18391177,0.00038147861109661,2.58276020072016e-05
"612","xn",61,"x","n",1245155,53779423,4.89898847934594e-05,1.13426282018682e-06
"613","xo",11352,"x","o",1245155,59499493,0.00911693724877626,0.000190791541702717
"614","xp",274042,"x","p",1245155,13324156,0.220086655878184,0.0205673064770482
"615","xq",5238,"x","q",1245155,762186,0.00420670518931378,0.00687233824814415
"616","xr",24,"x","r",1245155,46936590,1.92747087711972e-05,5.1132815570965e-07
"617","xs",437,"x","s",1245155,47770576,0.000350960322208882,9.14789053412293e-06
"618","xt",228918,"x","t",1245155,70213254,0.183846990936871,0.0032603246105073
"619","xu",13372,"x","u",1245155,21856142,0.0107392252370187,0.000611818865378894
"620","xv",3459,"x","v",1245155,7408891,0.00277796740164879,0.000466871492643096
"621","xw",729,"x","w",1245155,16150307,0.000585469278925114,4.51384608354504e-05
"622","xx",4981,"x","x",1245155,1245155,0.00400030518288888,0.00400030518288888
"623","xy",3732,"x","y",1245155,14373781,0.00299721721392116,0.000259639408726208
"624","xz",3,"x","z",1245155,458700,2.40933859639965e-06,6.5402223675605e-06
"625","ya",120115,"y","a",14373781,60283697,0.00835653472110087,0.00199249558300978
"626","yb",32289,"y","b",14373781,10960911,0.00224638179752426,0.00294583178350778
"627","yc",17778,"y","c",14373781,19814640,0.00123683531841761,0.000897215392255423
"628","yd",20735,"y","d",14373781,32242297,0.00144255711145175,0.000643099342456898
"629","ye",672945,"y","e",14373781,97935156,0.0468175353443885,0.00687133229256305
"630","yf",7996,"y","f",14373781,18008835,0.000556290651708134,0.00044400429011649
"631","yg",6870,"y","g",14373781,14743382,0.000477953573941331,0.000465971783136325
"632","yh",8143,"y","h",14373781,46324263,0.000566517605910373,0.000175782613098453
"633","yi",226675,"y","i",14373781,51122693,0.0157700329509682,0.00443394091152436
"634","yj",172,"y","j",14373781,892366,1.19662321277888e-05,0.000192746025733836
"635","yk",4767,"y","k",14373781,5338371,0.000331645514844007,0.000892969034935938
"636","yl",64551,"y","l",14373781,30253245,0.00449088517488892,0.0021336884687907
"637","ym",97412,"y","m",14373781,18391177,0.00677706165134977,0.00529667024573794
"638","yn",50766,"y","n",14373781,53779423,0.00353184732674026,0.000943966989009904
"639","yo",1573435,"y","o",14373781,59499493,0.109465630511554,0.0264445110481866
"640","yp",45202,"y","p",14373781,13324156,0.0031447536316297,0.00339248504745817
"641","yq",35,"y","q",14373781,762186,2.43498909577097e-06,4.59205495771373e-05
"642","yr",88862,"y","r",14373781,46936590,0.00618222860081144,0.00189323510719462
"643","ys",497276,"y","s",14373781,47770576,0.0345960467882459,0.0104096714261934
"644","yt",107860,"y","t",14373781,70213254,0.00750394068199592,0.00153617720095981
"645","yu",3782,"y","u",14373781,21856142,0.000263117964577309,0.00017304060341482
"646","yv",1776,"y","v",14373781,7408891,0.000123558303831121,0.000239711989284226
"647","yw",28740,"y","w",14373781,16150307,0.00199947390321308,0.00177953273581734
"648","yx",761,"y","x",14373781,1245155,5.29436200537632e-05,0.000611168890620043
"649","yy",422,"y","y",14373781,14373781,2.93590113832957e-05,2.93590113832957e-05
"650","yz",3115,"y","z",14373781,458700,0.000216714029523617,0.00679093089165032
"651","za",63513,"z","a",458700,60283697,0.138463047743623,0.00105356842995213
"652","zb",690,"z","b",458700,10960911,0.00150425114453891,6.29509718672107e-05
"653","zc",886,"z","c",458700,19814640,0.00193154567255287,4.47144131813649e-05
"654","zd",900,"z","d",458700,32242297,0.00196206671026815,2.79136439937887e-05
"655","ze",210896,"z","e",458700,97935156,0.459768912143013,0.0021534248641009
"656","zf",51,"z","f",458700,18008835,0.000111183780248528,2.8319433211532e-06
"657","zg",914,"z","g",458700,14743382,0.00199258774798343,6.19939169995053e-05
"658","zh",1401,"z","h",458700,46324263,0.00305428384565075,3.02433305846657e-05
"659","zi",54565,"z","i",458700,51122693,0.118955744495313,0.00106733422670046
"660","zj",29,"z","j",458700,892366,6.32221495530848e-05,3.24978764318676e-05
"661","zk",1228,"z","k",458700,5338371,0.00267713102245476,0.00023003271971918
"662","zl",14948,"z","l",458700,30253245,0.0325877479834314,0.000494095757331156
"663","zm",1001,"z","m",458700,18391177,0.00218225419664269,5.44282728614922e-05
"664","zn",514,"z","n",458700,53779423,0.00112055809897537,9.55755884550862e-06
"665","zo",20320,"z","o",458700,59499493,0.0442991061696098,0.000341515515098591
"666","zp",196,"z","p",458700,13324156,0.000427294528013952,1.47101249790231e-05
"667","zq",78,"z","q",458700,762186,0.000170045781556573,0.000102337224771906
"668","zr",941,"z","r",458700,46936590,0.00205144974929148,2.00483247717825e-05
"669","zs",617,"z","s",458700,47770576,0.00134510573359494,1.29159003651118e-05
"670","zt",1043,"z","t",458700,70213254,0.00227381730978853,1.48547452308648e-05
"671","zu",5050,"z","u",458700,21856142,0.0110093743187268,0.000231056331899747
"672","zv",1022,"z","v",458700,7408891,0.00222803575321561,0.000137942372211982
"673","zw",379,"z","w",458700,16150307,0.000826248092435143,2.34670461682245e-05
"674","zx",1,"z","x",458700,1245155,2.18007412252017e-06,8.03112865466548e-07
"675","zy",10486,"z","y",458700,14373781,0.0228602572487465,0.000729522733092984
"676","zz",27727,"z","z",458700,458700,0.0604469151951166,0.0604469151951166
