,sID,Bigram #,Trial #,Bigram,IKI,string,resp_string,rep #
0,p11,0,0,'p' 'u',0.3039785651490092,puppy,puppyspace,0
1,p11,1,0, 'u' 'p',0.2479643328115344,puppy,puppyspace,0
2,p11,2,0, 'p' 'p',0.136017344892025,puppy,puppyspace,0
3,p11,3,0, 'p' 'y',0.2641030512750149,puppy,puppyspace,0
4,p11,4,0, 'y' 'space',0.927855032030493,puppy,puppyspace,0
5,p11,5,1,'c' 'h',0.1520143523812294,cheer,cheer,0
6,p11,6,1, 'h' 'e',0.19997717253863811,cheer,cheer,0
7,p11,7,1, 'e' 'e',0.15196409402415156,cheer,cheer,0
8,p11,8,1, 'e' 'r',0.2479992751032114,cheer,cheer,0
9,p11,9,2,'e' 'd',0.24003744218498468,edthe,edthe,0
10,p11,10,2, 'd' 't',0.320044226013124,edthe,edthe,0
11,p11,11,2, 't' 'h',0.1439236719161272,edthe,edthe,0
12,p11,12,2, 'h' 'e',0.19199598394334316,edthe,edthe,0
13,p11,13,3,'h' 'e',0.19196257181465626,heond,heond,0
14,p11,14,3, 'e' 'o',0.1679853373207152,heond,heond,0
15,p11,15,3, 'o' 'n',0.23998877871781588,heond,heond,0
16,p11,16,3, 'n' 'd',0.16806738218292594,heond,heond,0
17,p11,17,4,'a' 'b',0.15199262090027332,about,about,0
18,p11,18,4, 'b' 'o',0.1759653869085014,about,about,0
19,p11,19,4, 'o' 'u',0.16008728882297873,about,about,0
20,p11,20,4, 'u' 't',0.21596131194382906,about,about,0
21,p11,21,5,'d' 'r',0.3199282786808908,druze,druze,0
22,p11,22,5, 'r' 'u',0.4000025079585612,druze,druze,0
23,p11,23,5, 'u' 'z',0.28006302705034614,druze,druze,0
24,p11,24,5, 'z' 'e',0.31993909226730466,druze,druze,0
25,p11,25,6,'b' 'u',0.20002359291538596,buddy,buddy,0
26,p11,26,6, 'u' 'd',0.4480215469375253,buddy,buddy,0
27,p11,27,6, 'd' 'd',0.1919493260793388,buddy,buddy,0
28,p11,28,6, 'd' 'y',0.17606703704223037,buddy,buddy,0
29,p11,29,7,'t' 'h',0.13600935926660895,therm,therm,0
30,p11,30,7, 'h' 'e',0.19203780172392726,therm,therm,0
31,p11,31,7, 'e' 'r',0.1280025439336896,therm,therm,0
32,p11,32,7, 'r' 'm',0.2240447229705751,therm,therm,0
33,p11,33,8,'p' 'u',0.3118499629199505,puppy,puppy,1
34,p11,34,8, 'u' 'p',0.2640013350173831,puppy,puppy,1
35,p11,35,8, 'p' 'p',0.12800823897123337,puppy,puppy,1
36,p11,36,8, 'p' 'y',0.2800758518278599,puppy,puppy,1
37,p11,37,9,'h' 'a',0.22395363776013255,haole,haole,0
38,p11,38,9, 'a' 'o',0.13609662605449557,haole,haole,0
39,p11,39,9, 'o' 'l',0.27190257981419563,haole,haole,0
40,p11,40,9, 'l' 'e',0.16804316407069564,haole,haole,0
41,p11,41,10,'t' 'h',0.1439352841116488,there,there,0
42,p11,42,10, 'h' 'e',0.12800846993923187,there,there,0
43,p11,43,10, 'e' 'r',0.12004552502185106,there,there,0
44,p11,44,10, 'r' 'e',0.12803971581161022,there,there,0
45,p11,45,11,'p' 'u',0.3279534736648202,puppy,puppy,2
46,p11,46,11, 'u' 'p',0.2480030390433967,puppy,puppy,2
47,p11,47,11, 'p' 'p',0.14404851011931896,puppy,puppy,2
48,p11,48,11, 'p' 'y',0.3120206189341843,puppy,puppy,2
49,p11,49,12,'b' 'e',0.2239412902854383,belly,belly,0
50,p11,50,12, 'e' 'l',0.2080017328262329,belly,belly,0
51,p11,51,12, 'l' 'l',0.18404487427324057,belly,belly,0
52,p11,52,12, 'l' 'y',0.2800004887394607,belly,belly,0
53,p11,53,13,'l' 'u',0.29599899239838123,lucky,lucky,0
54,p11,54,13, 'u' 'c',0.272047673817724,lucky,lucky,0
55,p11,55,13, 'c' 'k',0.10403076093643904,lucky,lucky,0
56,p11,56,13, 'k' 'y',0.30391710717231035,lucky,lucky,0
57,p11,57,14,'t' 'i',0.16004537278786302,tithe,tithe,0
58,p11,58,14, 'i' 't',0.17595539428293705,tithe,tithe,0
59,p11,59,14, 't' 'h',0.13601019559428096,tithe,tithe,0
60,p11,60,14, 'h' 'e',0.18399783596396446,tithe,tithe,0
61,p11,61,15,'v' 'a',0.13595219515264034,vanru,vanru,0
62,p11,62,15, 'a' 'n',0.152039029635489,vanru,vanru,0
63,p11,63,15, 'n' 'r',0.1760477852076292,vanru,vanru,0
64,p11,64,15, 'r' 'u',0.1839782171882689,vanru,vanru,0
65,p11,65,16,'l' 'u',0.3440635367296636,lucky,lucky,1
66,p11,66,16, 'u' 'c',0.21595417195931077,lucky,lucky,1
67,p11,67,16, 'c' 'k',0.1440489119850099,lucky,lucky,1
68,p11,68,16, 'k' 'y',0.36798207834362984,lucky,lucky,1
69,p11,69,17,'c' 'h',0.12810045899823308,champ,champ,0
70,p11,70,17, 'h' 'a',0.17589509580284357,champ,champ,0
71,p11,71,17, 'a' 'm',0.15209696115925908,champ,champ,0
72,p11,72,17, 'm' 'p',0.2559560500085354,champ,champ,0
73,p11,73,18,'v' 'a',0.16001871973276138,vanru,vanru,1
74,p11,74,18, 'a' 'n',0.16794819524511695,vanru,vanru,1
75,p11,75,18, 'n' 'r',0.20802206406369805,vanru,vanru,1
76,p11,76,18, 'r' 'u',0.16004333179444075,vanru,vanru,1
77,p11,77,19,'c' 'o',0.2560014920309186,cooed,cooed,0
78,p11,78,19, 'o' 'o',0.20808937679976225,cooed,cooed,0
79,p11,79,19, 'o' 'e',0.19999260921031237,cooed,cooed,0
80,p11,80,19, 'e' 'd',0.1519147357903421,cooed,cooed,0
81,p11,81,20,'f' 'a',0.16000596806406975,faqir,faqir,0
82,p11,82,20, 'a' 'q',0.4720395118929446,faqir,faqir,0
83,p11,83,20, 'q' 'i',0.19194752676412463,faqir,faqir,0
84,p11,84,20, 'i' 'r',0.20805064402520657,faqir,faqir,0
85,p11,85,21,'p' 'y',0.3760711047798395,pykka,pykka,0
86,p11,86,21, 'y' 'k',0.4319594348780811,pykka,pykka,0
87,p11,87,21, 'k' 'k',0.15997143695130944,pykka,pykka,0
88,p11,88,21, 'k' 'a',0.16799879213795066,pykka,pykka,0
89,p11,89,22,'t' 'h',0.14400640968233347,therm,therm,1
90,p11,90,22, 'h' 'e',0.16799194319173694,therm,therm,1
91,p11,91,22, 'e' 'r',0.07999612716957927,therm,therm,1
92,p11,92,22, 'r' 'm',0.1920961318537593,therm,therm,1
93,p11,93,23,'t' 'i',0.1519754291512072,tithe,tithe,1
94,p11,94,23, 'i' 't',0.16003667982295156,tithe,tithe,1
95,p11,95,23, 't' 'h',0.1120409918949008,tithe,tithe,1
96,p11,96,23, 'h' 'e',0.1439253482967615,tithe,tithe,1
97,p11,97,24,'t' 'h',0.13601556280627847,think,think,0
98,p11,98,24, 'h' 'i',0.09596940921619534,think,think,0
99,p11,99,24, 'i' 'n',0.22404963104054332,think,think,0
100,p11,100,24, 'n' 'k',0.2159989387728274,think,think,0
101,p11,101,25,'z' 'i',0.1840744912624359,zibja,zibja,0
102,p11,102,25, 'i' 'b',0.2799212229438126,zibja,zibja,0
103,p11,103,25, 'b' 'j',0.19213001197203994,zibja,zibja,0
104,p11,104,25, 'j' 'a',0.1679189777933061,zibja,zibja,0
105,p11,105,26,'w' 'o',0.1359117766842246,would,would,0
106,p11,106,26, 'o' 'u',0.18400027742609382,would,would,0
107,p11,107,26, 'u' 'l',0.24000140000134706,would,would,0
108,p11,108,26, 'l' 'd',0.16807084577158093,would,would,0
109,p11,109,27,'v' 'o',0.39208516478538513,vodka,vodka,0
110,p11,110,27, 'o' 'd',0.18391940789297223,vodka,vodka,0
111,p11,111,27, 'd' 'k',0.16809279238805175,vodka,vodka,0
112,p11,112,27, 'k' 'a',0.1679162196815014,vodka,vodka,0
113,p11,113,28,'t' 'h',0.14404649520292878,therm,therm,2
114,p11,114,28, 'h' 'e',0.16794378589838743,therm,therm,2
115,p11,115,28, 'e' 'r',0.08801572490483522,therm,therm,2
116,p11,116,28, 'r' 'm',0.1999748800881207,therm,therm,2
117,p11,117,29,'b' 'u',0.19201062666252255,buddy,buddy,1
118,p11,118,29, 'u' 'd',0.21605015732347965,buddy,buddy,1
119,p11,119,29, 'd' 'd',0.19193897768855095,buddy,buddy,1
120,p11,120,29, 'd' 'y',0.1359943263232708,buddy,buddy,1
121,p11,121,30,'v' 'a',0.16803282080218196,vanru,vanru,2
122,p11,122,30, 'a' 'n',0.16804569121450186,vanru,vanru,2
123,p11,123,30, 'n' 'r',0.1598979951813817,vanru,vanru,2
124,p11,124,30, 'r' 'u',0.1760975867509842,vanru,vanru,2
125,p11,125,31,'t' 'h',0.13593409908935428,theme,theme,0
126,p11,126,31, 'h' 'e',0.168025815859437,theme,theme,0
127,p11,127,31, 'e' 'm',0.18397435592487454,theme,theme,0
128,p11,128,31, 'm' 'e',0.12799921398982406,theme,theme,0
129,p11,129,32,'t' 'i',0.096014603972435,tithe,tithe,2
130,p11,130,32, 'i' 't',0.13601759634912014,tithe,tithe,2
131,p11,131,32, 't' 'h',0.12796819768846035,tithe,tithe,2
132,p11,132,32, 'h' 'e',0.16000027628615499,tithe,tithe,2
133,p11,133,33,'b' 'e',0.12797891115769744,belly,belly,1
134,p11,134,33, 'e' 'l',0.19195740297436714,belly,belly,1
135,p11,135,33, 'l' 'l',0.18397602811455727,belly,belly,1
136,p11,136,33, 'l' 'y',0.33599149202927947,belly,belly,1
137,p11,137,34,'k' 'r',0.19202682422474027,kremp,kremp,0
138,p11,138,34, 'r' 'e',0.11205030279234052,kremp,kremp,0
139,p11,139,34, 'e' 'm',0.14395576203241944,kremp,kremp,0
140,p11,140,34, 'm' 'p',0.2799605610780418,kremp,kremp,0
141,p11,141,35,'l' 'u',0.33596956729888916,lucky,lucky,2
142,p11,142,35, 'u' 'c',0.22400047210976481,lucky,lucky,2
143,p11,143,35, 'c' 'k',0.1280083996243775,lucky,lucky,2
144,p11,144,35, 'k' 'y',0.3999934680759907,lucky,lucky,2
145,p11,145,36,'z' 'i',0.14405064703896642,zibja,zibja,1
146,p11,146,36, 'i' 'b',0.24802920361980796,zibja,zibja,1
147,p11,147,36, 'b' 'j',0.20013084216043353,zibja,zibja,1
148,p11,148,36, 'j' 'a',0.1597922402434051,zibja,zibja,1
149,p11,149,37,'c' 'h',0.1279213698580861,champ,champ,1
150,p11,150,37, 'h' 'a',0.17600337229669094,champ,champ,1
151,p11,151,37, 'a' 'm',0.13605182012543082,champ,champ,1
152,p11,152,37, 'm' 'p',0.21595562994480133,champ,champ,1
153,p11,153,38,'p' 'y',0.4159970819018781,pykka,pykka,1
154,p11,154,38, 'y' 'k',0.4001096719875932,pykka,pykka,1
155,p11,155,38, 'k' 'k',0.17588552786037326,pykka,pykka,1
156,p11,156,38, 'k' 'a',0.18407679023221135,pykka,pykka,1
157,p11,157,39,'s' 'u',1.0719943130388856,druze,suze,1
158,p11,158,39, 'u' 'z',1.0800594273023307,druze,suze,1
159,p11,159,39, 'z' 'e',0.2719370499253273,druze,suze,1
160,p11,160,40,'c' 'o',0.2320045460946858,cooed,cooed,1
161,p11,161,40, 'o' 'o',0.14405615627765656,cooed,cooed,1
162,p11,162,40, 'o' 'e',0.1359334676526487,cooed,cooed,1
163,p11,163,40, 'e' 'd',0.17605066113173962,cooed,cooed,1
164,p11,164,41,'p' 'y',0.4320543250069022,pykka,pylka,2
165,p11,165,41, 'y' 'l',0.3759442260488868,pykka,pylka,2
166,p11,166,41, 'l' 'k',0.9440606138668954,pykka,pylka,2
167,p11,167,41, 'k' 'a',0.16799525497481227,pykka,pylka,2
168,p11,168,42,'c' 'h',0.11199497291818261,champ,champ,2
169,p11,169,42, 'h' 'a',0.15204090205952525,champ,champ,2
170,p11,170,42, 'a' 'm',0.14397817803546786,champ,champ,2
171,p11,171,42, 'm' 'p',0.1759922537021339,champ,champ,2
172,p11,172,43,'v' 'o',0.1599870352074504,vodka,vodka,1
173,p11,173,43, 'o' 'd',0.2480132980272174,vodka,vodka,1
174,p11,174,43, 'd' 'k',0.16003770008683205,vodka,vodka,1
175,p11,175,43, 'k' 'a',0.15994988987222314,vodka,vodka,1
176,p11,176,44,'c' 'h',0.17600080696865916,cheer,cheer,1
177,p11,177,44, 'h' 'e',0.18397828936576843,cheer,cheer,1
178,p11,178,44, 'e' 'e',0.17602339573204517,cheer,cheer,1
179,p11,179,44, 'e' 'r',0.26398104103282094,cheer,cheer,1
180,p11,180,45,'t' 'h',0.16005639033392072,think,think,1
181,p11,181,45, 'h' 'i',0.1119399438612163,think,think,1
182,p11,182,45, 'i' 'n',0.2080048811621964,think,think,1
183,p11,183,45, 'n' 'k',0.24805443966761231,think,think,1
184,p11,184,46,'h' 'e',0.2240254059433937,heond,heond,1
185,p11,185,46, 'e' 'o',0.13602379709482193,heond,heond,1
186,p11,186,46, 'o' 'n',0.30394667899236083,heond,heond,1
187,p11,187,46, 'n' 'd',0.20004707388579845,heond,heond,1
188,p11,188,47,'v' 'o',0.23205414600670338,vodka,vodka,2
189,p11,189,47, 'o' 'd',0.21599065186455846,vodka,vodka,2
190,p11,190,47, 'd' 'k',0.20795756904408336,vodka,vodka,2
191,p11,191,47, 'k' 'a',0.0959838000126183,vodka,vodka,2
192,p11,192,48,'b' 'u',0.176034573931247,buddy,buddy,2
193,p11,193,48, 'u' 'd',0.19194457307457924,buddy,buddy,2
194,p11,194,48, 'd' 'd',0.18394879717379808,buddy,buddy,2
195,p11,195,48, 'd' 'y',0.12805661000311375,buddy,buddy,2
196,p11,196,49,'z' 'i',0.23206040170043707,zibja,zibja,2
197,p11,197,49, 'i' 'b',0.26394732808694243,zibja,zibja,2
198,p11,198,49, 'b' 'j',0.23999587818980217,zibja,zibja,2
199,p11,199,49, 'j' 'a',0.17600741377100348,zibja,zibja,2
200,p11,200,50,'e' 'd',0.20792978117242455,edthe,edthe,1
201,p11,201,50, 'd' 't',0.3440517778508365,edthe,edthe,1
202,p11,202,50, 't' 'h',0.14395858580246568,edthe,edthe,1
203,p11,203,50, 'h' 'e',0.15206241933628917,edthe,edthe,1
204,p11,204,51,'b' 'e',0.2159983296878636,belly,belly,2
205,p11,205,51, 'e' 'l',0.192048704251647,belly,belly,2
206,p11,206,51, 'l' 'l',0.16795912710949779,belly,belly,2
207,p11,207,51, 'l' 'y',0.31998690078034997,belly,belly,2
208,p11,208,52,'t' 'h',0.16006118385121226,think,think,2
209,p11,209,52, 'h' 'i',0.11192446015775204,think,think,2
210,p11,210,52, 'i' 'n',0.2240283889696002,think,think,2
211,p11,211,52, 'n' 'k',0.17597378976643085,think,think,2
212,p11,212,53,'p' 'u',0.28796101827174425,puppy,puppy,3
213,p11,213,53, 'u' 'p',0.2560263220220804,puppy,puppy,3
214,p11,214,53, 'p' 'p',0.1360664269886911,puppy,puppy,3
215,p11,215,53, 'p' 'y',0.30390481371432543,puppy,puppy,3
216,p11,216,54,'t' 'h',0.12802775483578444,theme,theme,1
217,p11,217,54, 'h' 'e',0.1919699339196086,theme,theme,1
218,p11,218,54, 'e' 'm',0.20802041608840227,theme,theme,1
219,p11,219,54, 'm' 'e',0.11203314317390323,theme,theme,1
220,p11,220,55,'k' 'r',0.21600027102977037,kremp,kremp,1
221,p11,221,55, 'r' 'e',0.10406396118924022,kremp,kremp,1
222,p11,222,55, 'e' 'm',0.10398257290944457,kremp,kremp,1
223,p11,223,55, 'm' 'p',0.2159989019855857,kremp,kremp,1
224,p11,224,56,'t' 'h',0.14399126917123795,there,there,1
225,p11,225,56, 'h' 'e',0.13600285165011883,there,there,1
226,p11,226,56, 'e' 'r',0.10406461916863918,there,there,1
227,p11,227,56, 'r' 'e',0.1119377869181335,there,there,1
228,p11,228,57,'a' 'b',0.16796188009902835,about,about,1
229,p11,229,57, 'b' 'o',0.16804908402264118,about,about,1
230,p11,230,57, 'o' 'u',0.152007179800421,about,about,1
231,p11,231,57, 'u' 't',0.14393447618931532,about,about,1
232,p11,232,58,'t' 'h',0.1281180251389742,therm,therm,3
233,p11,233,58, 'h' 'e',0.1518850140273571,therm,therm,3
234,p11,234,58, 'e' 'r',0.09609788190573454,therm,therm,3
235,p11,235,58, 'r' 'm',0.19991699792444706,therm,therm,3
236,p11,236,59,'h' 'e',0.16797581827268004,heond,heond,2
237,p11,237,59, 'e' 'o',0.1359686367213726,heond,heond,2
238,p11,238,59, 'o' 'n',0.22399164829403162,heond,heond,2
239,p11,239,59, 'n' 'd',0.1680181329138577,heond,heond,2
240,p11,240,60,'t' 'h',0.1359770973213017,think,think,3
241,p11,241,60, 'h' 'i',0.07197270076721907,think,think,3
242,p11,242,60, 'i' 'n',0.2000024071894586,think,think,3
243,p11,243,60, 'n' 'k',0.16005970491096377,think,think,3
244,p11,244,61,'a' 'b',0.13601479306817055,about,about,2
245,p11,245,61, 'b' 'o',0.15204134583473206,about,about,2
246,p11,246,61, 'o' 'u',0.15216510510072112,about,about,2
247,p11,247,61, 'u' 't',0.15183789189904928,about,about,2
248,p11,248,62,'h' 'a',0.159909897018224,haole,haole,1
249,p11,249,62, 'a' 'o',0.08000266272574663,haole,haole,1
250,p11,250,62, 'o' 'l',0.22404843289405107,haole,haole,1
251,p11,251,62, 'l' 'e',0.13599008321762085,haole,haole,1
252,p11,252,63,'t' 'i',0.10409684013575315,tithe,tithe,3
253,p11,253,63, 'i' 't',0.16794217890128493,tithe,tithe,3
254,p11,254,63, 't' 'h',0.08801074791699648,tithe,tithe,3
255,p11,255,63, 'h' 'e',0.16000988706946373,tithe,tithe,3
256,p11,256,64,'c' 'h',0.16793222725391388,champ,champ,3
257,p11,257,64, 'h' 'a',0.13600730895996094,champ,champ,3
258,p11,258,64, 'a' 'm',0.17594855790957808,champ,champ,3
259,p11,259,64, 'm' 'p',0.1840547537431121,champ,champ,3
260,p11,260,65,'w' 'o',0.11983546335250139,would,would,1
261,p11,261,65, 'o' 'u',0.13599117379635572,would,would,1
262,p11,262,65, 'u' 'l',0.26401413697749376,would,would,1
263,p11,263,65, 'l' 'd',0.1280003641732037,would,would,1
264,p11,264,66,'b' 'u',0.16808796301484108,buddy,buddy,3
265,p11,265,66, 'u' 'd',0.19191730674356222,buddy,buddy,3
266,p11,266,66, 'd' 'd',0.1599966511130333,buddy,buddy,3
267,p11,267,66, 'd' 'y',0.1761997719295323,buddy,buddy,3
268,p11,268,67,'t' 'h',0.11199767887592316,think,think,4
269,p11,269,67, 'h' 'i',0.07205762714147568,think,think,4
270,p11,270,67, 'i' 'n',0.17597405798733234,think,think,4
271,p11,271,67, 'n' 'k',0.15197395207360387,think,think,4
272,p11,272,68,'t' 'h',0.12792409071698785,therm,therm,4
273,p11,273,68, 'h' 'e',0.11199123412370682,therm,therm,4
274,p11,274,68, 'e' 'r',0.08804864203557372,therm,therm,4
275,p11,275,68, 'r' 'm',0.1760065108537674,therm,therm,4
276,p11,276,69,'f' 'a',0.12001168122515082,faqir,faqir,1
277,p11,277,69, 'a' 'q',0.5680025001056492,faqir,faqir,1
278,p11,278,69, 'q' 'i',0.17593922466039658,faqir,faqir,1
279,p11,279,69, 'i' 'r',0.20000753505155444,faqir,faqir,1
280,p11,280,70,'h' 'e',0.13595475209876895,heond,heond,3
281,p11,281,70, 'e' 'o',0.11200205702334642,heond,heond,3
282,p11,282,70, 'o' 'n',0.19197875913232565,heond,heond,3
283,p11,283,70, 'n' 'd',0.15200462564826012,heond,heond,3
284,p11,284,71,'b' 'e',0.1679102461785078,belly,belly,3
285,p11,285,71, 'e' 'l',0.20801186887547374,belly,belly,3
286,p11,286,71, 'l' 'l',0.1600322318263352,belly,belly,3
287,p11,287,71, 'l' 'y',0.2880143881775439,belly,belly,3
288,p11,288,72,'c' 'h',0.13595126289874315,cheer,cheer,2
289,p11,289,72, 'h' 'e',0.1279779328033328,cheer,cheer,2
290,p11,290,72, 'e' 'e',0.17608797224238515,cheer,cheer,2
291,p11,291,72, 'e' 'r',0.23195023881271482,cheer,cheer,2
292,p11,292,73,'l' 'u',0.27200321573764086,lucky,lucky,3
293,p11,293,73, 'u' 'c',0.1520416559651494,lucky,lucky,3
294,p11,294,73, 'c' 'k',0.13600847218185663,lucky,lucky,3
295,p11,295,73, 'k' 'y',0.2640188350342214,lucky,lucky,3
296,p11,296,74,'k' 'r',0.21600648295134306,kremp,kremp,2
297,p11,297,74, 'r' 'e',0.08801058027893305,kremp,kremp,2
298,p11,298,74, 'e' 'm',0.11198813188821077,kremp,kremp,2
299,p11,299,74, 'm' 'p',0.1680335379205644,kremp,kremp,2
300,p11,300,75,'w' 'o',0.12000289605930448,would,would,2
301,p11,301,75, 'o' 'u',0.17604663223028183,would,would,2
302,p11,302,75, 'u' 'l',0.23195291170850396,would,would,2
303,p11,303,75, 'l' 'd',0.16005387529730797,would,would,2
304,p11,304,76,'v' 'a',0.09589529130607843,vanru,vanru,3
305,p11,305,76, 'a' 'n',0.167967916931957,vanru,vanru,3
306,p11,306,76, 'n' 'r',0.15201723715290427,vanru,vanru,3
307,p11,307,76, 'r' 'u',0.1599793448112905,vanru,vanru,3
308,p11,308,77,'d' 'r',0.23199822381138802,druze,druze,2
309,p11,309,77, 'r' 'u',0.10405042627826333,druze,druze,2
310,p11,310,77, 'u' 'z',0.24795831693336368,druze,druze,2
311,p11,311,77, 'z' 'e',0.24799045594409108,druze,druze,2
312,p11,312,78,'f' 'a',0.12806174717843533,faqir,faqir,2
313,p11,313,78, 'a' 'q',0.4639408588409424,faqir,faqir,2
314,p11,314,78, 'q' 'i',0.16009387001395226,faqir,faqir,2
315,p11,315,78, 'i' 'r',0.19995801988989115,faqir,faqir,2
316,p11,316,79,'v' 'o',0.14404896926134825,vodka,vodka,3
317,p11,317,79, 'o' 'd',0.23194505600258708,vodka,vodka,3
318,p11,318,79, 'd' 'k',0.17602560808882117,vodka,vodka,3
319,p11,319,79, 'k' 'a',0.11197478696703911,vodka,vodka,3
320,p11,320,80,'e' 'd',0.17599943792447448,edthe,edthe,2
321,p11,321,80, 'd' 't',0.296060245949775,edthe,edthe,2
322,p11,322,80, 't' 'h',0.11197996512055397,edthe,edthe,2
323,p11,323,80, 'h' 'e',0.12798695592209697,edthe,edthe,2
324,p11,324,81,'f' 'a',0.14414367591962218,faqir,faqir,3
325,p11,325,81, 'a' 'q',0.3358442997559905,faqir,faqir,3
326,p11,326,81, 'q' 'i',0.16795977717265487,faqir,faqir,3
327,p11,327,81, 'i' 'r',0.1919994498603046,faqir,faqir,3
328,p11,328,82,'z' 'i',0.19205354386940598,zibja,zibja,3
329,p11,329,82, 'i' 'b',0.2319958098232746,zibja,zibja,3
330,p11,330,82, 'b' 'j',0.2320518740452826,zibja,zibja,3
331,p11,331,82, 'j' 'a',0.183897843118757,zibja,zibja,3
332,p11,332,83,'b' 'e',0.1439255690202117,belly,belly,4
333,p11,333,83, 'e' 'l',0.14405163284391165,belly,belly,4
334,p11,334,83, 'l' 'l',0.1599562088958919,belly,belly,4
335,p11,335,83, 'l' 'y',0.295998671092093,belly,belly,4
336,p11,336,84,'c' 'h',0.1760118380188942,cheer,cheer,3
337,p11,337,84, 'h' 'e',0.13598924363031983,cheer,cheer,3
338,p11,338,84, 'e' 'e',0.18407429521903396,cheer,cheer,3
339,p11,339,84, 'e' 'r',0.22393888980150223,cheer,cheer,3
340,p11,340,85,'t' 'h',0.15191321400925517,there,there,2
341,p11,341,85, 'h' 'e',0.09604985592886806,there,there,2
342,p11,342,85, 'e' 'r',0.10394213302060962,there,there,2
343,p11,343,85, 'r' 'e',0.11202135821804404,there,there,2
344,p11,344,86,'p' 'y',0.5440973406657577,pykka,pykka,3
345,p11,345,86, 'y' 'k',0.26399138616397977,pykka,pykka,3
346,p11,346,86, 'k' 'k',0.16798740392550826,pykka,pykka,3
347,p11,347,86, 'k' 'a',0.16795868193730712,pykka,pykka,3
348,p11,348,87,'h' 'a',0.14393966225907207,haole,haole,2
349,p11,349,87, 'a' 'o',0.1280400538817048,haole,haole,2
350,p11,350,87, 'o' 'l',0.23197665624320507,haole,haole,2
351,p11,351,87, 'l' 'e',0.12801742274314165,haole,haole,2
352,p11,352,88,'e' 'd',0.21604707138612866,edthe,edthe,3
353,p11,353,88, 'd' 't',0.2800022359006107,edthe,edthe,3
354,p11,354,88, 't' 'h',0.13598486315459013,edthe,edthe,3
355,p11,355,88, 'h' 'e',0.11197077063843608,edthe,edthe,3
356,p11,356,89,'c' 'o',0.2159781358204782,cooed,cooed,2
357,p11,357,89, 'o' 'o',0.19996799807995558,cooed,cooed,2
358,p11,358,89, 'o' 'e',0.19205018412321806,cooed,cooed,2
359,p11,359,89, 'e' 'd',0.2000224981456995,cooed,cooed,2
360,p11,360,90,'t' 'h',0.13597190100699663,theme,theme,2
361,p11,361,90, 'h' 'e',0.15199770592153072,theme,theme,2
362,p11,362,90, 'e' 'm',0.21600862499326468,theme,theme,2
363,p11,363,90, 'm' 'e',0.1280416827648878,theme,theme,2
364,p11,364,91,'d' 'r',0.2640083911828697,druze,druze,3
365,p11,365,91, 'r' 'u',0.20000758301466703,druze,druze,3
366,p11,366,91, 'u' 'z',0.21599404467269778,druze,druze,3
367,p11,367,91, 'z' 'e',0.31999782705679536,druze,druze,3
368,p11,368,92,'f' 'a',0.12004869617521763,faqir,faqir,4
369,p11,369,92, 'a' 'q',0.4320349367335439,faqir,faqir,4
370,p11,370,92, 'q' 'i',0.19997174432501197,faqir,faqir,4
371,p11,371,92, 'i' 'r',0.18399182287976146,faqir,faqir,4
372,p11,372,93,'t' 'h',0.12000244297087193,theme,theme,3
373,p11,373,93, 'h' 'e',0.16000051703304052,theme,theme,3
374,p11,374,93, 'e' 'm',0.18399314768612385,theme,theme,3
375,p11,375,93, 'm' 'e',0.16800377890467644,theme,theme,3
376,p11,376,94,'c' 'h',0.17613030411303043,cheer,cheer,4
377,p11,377,94, 'h' 'e',0.15988513408228755,cheer,cheer,4
378,p11,378,94, 'e' 'e',0.1520510376431048,cheer,cheer,4
379,p11,379,94, 'e' 'r',0.2159386952407658,cheer,cheer,4
380,p11,380,95,'l' 'u',0.2720081186853349,lucky,lucky,4
381,p11,381,95, 'u' 'c',0.1840528822503984,lucky,lucky,4
382,p11,382,95, 'c' 'k',0.16000311402603984,lucky,lucky,4
383,p11,383,95, 'k' 'y',0.2959403255954385,lucky,lucky,4
384,p11,384,96,'c' 'o',0.3840035889297724,cooed,cooed,3
385,p11,385,96, 'o' 'o',0.15194353787228465,cooed,cooed,3
386,p11,386,96, 'o' 'e',0.17599429795518517,cooed,cooed,3
387,p11,387,96, 'e' 'd',0.24000679003074765,cooed,cooed,3
388,p11,388,97,'a' 'b',0.1600072169676423,about,about,3
389,p11,389,97, 'b' 'o',0.15993640292435884,about,about,3
390,p11,390,97, 'o' 'u',0.16005541337653995,about,about,3
391,p11,391,97, 'u' 't',0.16794867673888803,about,about,3
392,p11,392,98,'t' 'h',0.13600112404674292,there,there,3
393,p11,393,98, 'h' 'e',0.13601218676194549,there,there,3
394,p11,394,98, 'e' 'r',0.10398413380607963,there,there,3
395,p11,395,98, 'r' 'e',0.13602381525561213,there,there,3
396,p11,396,99,'k' 'r',0.20794990984722972,kremp,kremp,3
397,p11,397,99, 'r' 'e',0.08793730894103646,kremp,kremp,3
398,p11,398,99, 'e' 'm',0.11204119212925434,kremp,kremp,3
399,p11,399,99, 'm' 'p',0.16795939998701215,kremp,kremp,3
400,p11,400,100,'p' 'y',0.5199461821466684,pykka,pykka,4
401,p11,401,100, 'y' 'k',0.47199774580076337,pykka,pykka,4
402,p11,402,100, 'k' 'k',0.13606357341632247,pykka,pykka,4
403,p11,403,100, 'k' 'a',0.2799243568442762,pykka,pykka,4
404,p11,404,101,'w' 'o',0.12801840482279658,would,would,3
405,p11,405,101, 'o' 'u',0.17598526226356626,would,would,3
406,p11,406,101, 'u' 'l',0.23199820099398494,would,would,3
407,p11,407,101, 'l' 'd',0.1840194258838892,would,would,3
408,p11,408,102,'t' 'h',0.11998313013464212,theme,theme,4
409,p11,409,102, 'h' 'e',0.15203980589285493,theme,theme,4
410,p11,410,102, 'e' 'm',0.18405378889292479,theme,theme,4
411,p11,411,102, 'm' 'e',0.13589077536016703,theme,theme,4
412,p11,412,103,'c' 'o',0.22407227009534836,cooed,cooed,4
413,p11,413,103, 'o' 'o',0.1519306800328195,cooed,cooed,4
414,p11,414,103, 'o' 'e',0.16006014496088028,cooed,cooed,4
415,p11,415,103, 'e' 'd',0.1600008299574256,cooed,cooed,4
416,p11,416,104,'h' 'a',0.15201746113598347,haole,haole,3
417,p11,417,104, 'a' 'o',0.11207526084035635,haole,haole,3
418,p11,418,104, 'o' 'l',0.25591988023370504,haole,haole,3
419,p11,419,104, 'l' 'e',0.12804541597142816,haole,haole,3
420,p11,420,105,'e' 'd',0.16794589720666409,edthe,edthe,4
421,p11,421,105, 'd' 't',0.2800074298866093,edthe,edthe,4
422,p11,422,105, 't' 'h',0.12805194407701492,edthe,edthe,4
423,p11,423,105, 'h' 'e',0.11994462599977851,edthe,edthe,4
424,p11,424,106,'w' 'o',0.12002631090581417,would,would,4
425,p11,425,106, 'o' 'u',0.17605057498440146,would,would,4
426,p11,426,106, 'u' 'l',0.26395060680806637,would,would,4
427,p11,427,106, 'l' 'd',0.1599982171319425,would,would,4
428,p11,428,107,'d' 'r',0.24791001109406352,druze,druze,4
429,p11,429,107, 'r' 'u',0.11206173012033105,druze,druze,4
430,p11,430,107, 'u' 'z',0.22403062507510185,druze,druze,4
431,p11,431,107, 'z' 'e',0.2559059909544885,druze,druze,4
432,p11,432,108,'v' 'a',0.1200232352130115,vanru,vanru,4
433,p11,433,108, 'a' 'n',0.15209323493763804,vanru,vanru,4
434,p11,434,108, 'n' 'r',0.11188630806282163,vanru,vanru,4
435,p11,435,108, 'r' 'u',0.1360026467591524,vanru,vanru,4
436,p11,436,109,'a' 'b',0.1440910859964788,about,about,4
437,p11,437,109, 'b' 'o',0.12795722810551524,about,about,4
438,p11,438,109, 'o' 'u',0.135948299895972,about,about,4
439,p11,439,109, 'u' 't',0.16003545094281435,about,about,4
440,p11,440,110,'t' 'h',0.1440524091012776,there,there,4
441,p11,441,110, 'h' 'e',0.12794644199311733,there,there,4
442,p11,442,110, 'e' 'r',0.08003535494208336,there,there,4
443,p11,443,110, 'r' 'e',0.11195024196058512,there,there,4
444,p11,444,111,'t' 'i',0.10403481684625149,tithe,tithe,4
445,p11,445,111, 'i' 't',0.12795804115012288,tithe,tithe,4
446,p11,446,111, 't' 'h',0.1040046326816082,tithe,tithe,4
447,p11,447,111, 'h' 'e',0.1280358051881194,tithe,tithe,4
448,p11,448,112,'h' 'e',0.13598338468000293,heond,heond,4
449,p11,449,112, 'e' 'o',0.08799221599474549,heond,heond,4
450,p11,450,112, 'o' 'n',0.20800506509840488,heond,heond,4
451,p11,451,112, 'n' 'd',0.17602931708097458,heond,heond,4
452,p11,452,113,'c' 'h',0.1279397327452898,champ,champ,4
453,p11,453,113, 'h' 'a',0.15998928900808096,champ,champ,4
454,p11,454,113, 'a' 'm',0.1360022220760584,champ,champ,4
455,p11,455,113, 'm' 'p',0.17601593397557735,champ,champ,4
456,p11,456,114,'h' 'a',0.14405957190319896,haole,haole,4
457,p11,457,114, 'a' 'o',0.11200686218217015,haole,haole,4
458,p11,458,114, 'o' 'l',0.2559332847595215,haole,haole,4
459,p11,459,114, 'l' 'e',0.112044180277735,haole,haole,4
460,p11,460,115,'p' 'u',0.29596955608576536,puppy,puppy,4
461,p11,461,115, 'u' 'p',0.26400173315778375,puppy,puppy,4
462,p11,462,115, 'p' 'p',0.1441124277189374,puppy,puppy,4
463,p11,463,115, 'p' 'y',0.27188982628285885,puppy,puppy,4
464,p11,464,116,'k' 'r',0.4719433821737766,kremp,kremp,4
465,p11,465,116, 'r' 'e',0.10406701173633337,kremp,kremp,4
466,p11,466,116, 'e' 'm',0.15994090819731355,kremp,kremp,4
467,p11,467,116, 'm' 'p',0.1760455509647727,kremp,kremp,4
468,p11,468,117,'v' 'o',0.2159938127733767,vodka,vodka,4
469,p11,469,117, 'o' 'd',0.21598798409104347,vodka,vodka,4
470,p11,470,117, 'd' 'k',0.16005069622769952,vodka,vodka,4
471,p11,471,117, 'k' 'a',0.12799741374328732,vodka,vodka,4
472,p11,472,118,'b' 'u',0.21600827295333147,buddy,buddy,4
473,p11,473,118, 'u' 'd',0.16802360210567713,buddy,buddy,4
474,p11,474,118, 'd' 'd',0.1839709267951548,buddy,buddy,4
475,p11,475,118, 'd' 'y',0.12000632518902421,buddy,buddy,4
476,p11,476,119,'z' 'i',0.22397898882627487,zibja,zibja,4
477,p11,477,119, 'i' 'b',0.44800763204693794,zibja,zibja,4
478,p11,478,119, 'b' 'j',0.2160263261757791,zibja,zibja,4
479,p11,479,119, 'j' 'a',0.14396880101412535,zibja,zibja,4
480,p11,480,120,'h' 'a',0.15210405504330993,haole,haole,5
481,p11,481,120, 'a' 'o',0.10390198091045022,haole,haole,5
482,p11,482,120, 'o' 'l',0.2319583729840815,haole,haole,5
483,p11,483,120, 'l' 'e',0.14406065177172422,haole,haole,5
484,p11,484,121,'t' 'h',0.0960568506270647,there,there,5
485,p11,485,121, 'h' 'e',0.5039667440578341,there,there,5
486,p11,486,121, 'e' 'r',0.0959779298864305,there,there,5
487,p11,487,121, 'r' 'e',0.11200110707432032,there,there,5
488,p11,488,122,'f' 'a',0.11205181898549199,faqir,faqir,5
489,p11,489,122, 'a' 'q',0.2640010332688689,faqir,faqir,5
490,p11,490,122, 'q' 'i',0.1599496779963374,faqir,faqir,5
491,p11,491,122, 'i' 'r',0.16004784498363733,faqir,faqir,5
492,p11,492,123,'c' 'h',0.22399764694273472,cheer,cheer,5
493,p11,493,123, 'h' 'e',0.1359449620358646,cheer,cheer,5
494,p11,494,123, 'e' 'e',0.1759992642328143,cheer,cheer,5
495,p11,495,123, 'e' 'r',0.23204540787264705,cheer,cheer,5
496,p11,496,124,'t' 'h',0.16804238921031356,think,think,5
497,p11,497,124, 'h' 'i',0.07191287772729993,think,think,5
498,p11,498,124, 'i' 'n',0.21599240507930517,think,think,5
499,p11,499,124, 'n' 'k',0.1360868331976235,think,think,5
500,p11,500,125,'h' 'e',0.14406119380146265,heond,heond,5
501,p11,501,125, 'e' 'o',0.13592737214639783,heond,heond,5
502,p11,502,125, 'o' 'n',0.23998450301587582,heond,heond,5
503,p11,503,125, 'n' 'd',0.13600275106728077,heond,heond,5
504,p11,504,126,'v' 'a',0.1600904450751841,vanru,vanru,5
505,p11,505,126, 'a' 'n',0.1759135969914496,vanru,vanru,5
506,p11,506,126, 'n' 'r',0.1600573300383985,vanru,vanru,5
507,p11,507,126, 'r' 'u',0.1519528590142727,vanru,vanru,5
508,p11,508,127,'p' 'u',0.28800181299448013,puppy,puppy,5
509,p11,509,127, 'u' 'p',0.2640252043493092,puppy,puppy,5
510,p11,510,127, 'p' 'p',0.10411579767242074,puppy,puppy,5
511,p11,511,127, 'p' 'y',0.3358708801679313,puppy,puppy,5
512,p11,512,128,'t' 'h',0.14409568486735225,there,there,6
513,p11,513,128, 'h' 'e',0.14394036820158362,there,there,6
514,p11,514,128, 'e' 'r',0.08794441865757108,there,there,6
515,p11,515,128, 'r' 'e',0.11200868524610996,there,there,6
516,p11,516,129,'d' 'r',0.2960500339977443,druze,druze,5
517,p11,517,129, 'r' 'u',0.1759975077584386,druze,druze,5
518,p11,518,129, 'u' 'z',0.2799425101839006,druze,druze,5
519,p11,519,129, 'z' 'e',0.33604740211740136,druze,druze,5
520,p11,520,130,'b' 'u',0.2560119219124317,buddy,buddy,5
521,p11,521,130, 'u' 'd',0.2000008998438716,buddy,buddy,5
522,p11,522,130, 'd' 'd',0.17601891420781612,buddy,buddy,5
523,p11,523,130, 'd' 'y',0.1359718176536262,buddy,buddy,5
524,p11,524,131,'h' 'a',0.15201119100674987,haole,haole,6
525,p11,525,131, 'a' 'o',0.20001342194154859,haole,haole,6
526,p11,526,131, 'o' 'l',0.24009034130722284,haole,haole,6
527,p11,527,131, 'l' 'e',0.17590817296877503,haole,haole,6
528,p11,528,132,'h' 'e',0.1679682838730514,heond,heond,6
529,p11,529,132, 'e' 'o',0.15200161701068282,heond,heond,6
530,p11,530,132, 'o' 'n',0.41600443329662085,heond,heond,6
531,p11,531,132, 'n' 'd',0.16805714694783092,heond,heond,6
532,p11,532,133,'l' 'u',0.27994911512359977,lucky,lucky,5
533,p11,533,133, 'u' 'c',0.2319812998175621,lucky,lucky,5
534,p11,534,133, 'c' 'k',0.11201466526836157,lucky,lucky,5
535,p11,535,133, 'k' 'y',0.2960095461457968,lucky,lucky,5
536,p11,536,134,'f' 'a',0.12001016503199935,faqir,faqir,6
537,p11,537,134, 'a' 'q',0.2959552928805351,faqir,faqir,6
538,p11,538,134, 'q' 'i',0.26399742579087615,faqir,faqir,6
539,p11,539,134, 'i' 'r',0.24008531030267477,faqir,faqir,6
540,p11,540,135,'p' 'y',0.32003297517076135,pykka,pyka,5
541,p11,541,135, 'y' 'k',0.6079417951405048,pykka,pyka,5
542,p11,542,135, 'k' 'a',0.3199969897978008,pykka,pyka,5
543,p11,543,136,'v' 'o',0.15997592685744166,vodka,vodka,5
544,p11,544,136, 'o' 'd',0.18400464626029134,vodka,vodka,5
545,p11,545,136, 'd' 'k',0.19995563477277756,vodka,vodka,5
546,p11,546,136, 'k' 'a',0.1280002063140273,vodka,vodka,5
547,p11,547,137,'p' 'y',0.32789993891492486,pykka,pykka,6
548,p11,548,137, 'y' 'k',0.39999018842354417,pykka,pykka,6
549,p11,549,137, 'k' 'k',0.1760014295578003,pykka,pykka,6
550,p11,550,137, 'k' 'a',0.1759976763278246,pykka,pykka,6
551,p11,551,138,'e' 'd',0.22399931028485298,edthe,edthe,5
552,p11,552,138, 'd' 't',0.2959462539292872,edthe,edthe,5
553,p11,553,138, 't' 'h',0.12801587115973234,edthe,edthe,5
554,p11,554,138, 'h' 'e',0.14398728357627988,edthe,edthe,5
555,p11,555,139,'t' 'h',0.11989258602261543,theme,theme,5
556,p11,556,139, 'h' 'e',0.16801948565989733,theme,theme,5
557,p11,557,139, 'e' 'm',0.1520004882477224,theme,theme,5
558,p11,558,139, 'm' 'e',0.12807314097881317,theme,theme,5
559,p11,559,140,'c' 'h',0.1520056677982211,champ,champ,5
560,p11,560,140, 'h' 'a',0.12004796136170626,champ,champ,5
561,p11,561,140, 'a' 'm',0.1599594266153872,champ,champ,5
562,p11,562,140, 'm' 'p',0.20798901421949267,champ,champ,5
563,p11,563,141,'t' 'h',0.09597879415377975,theme,theme,6
564,p11,564,141, 'h' 'e',0.1599921379238367,theme,theme,6
565,p11,565,141, 'e' 'm',0.13651284202933311,theme,theme,6
566,p11,566,141, 'm' 'e',0.10346549982205033,theme,theme,6
567,p11,567,142,'t' 'i',0.1039850739762187,tithe,tithe,5
568,p11,568,142, 'i' 't',0.13602338870987296,tithe,tithe,5
569,p11,569,142, 't' 'h',0.11996694700792432,tithe,tithe,5
570,p11,570,142, 'h' 'e',0.13605087902396917,tithe,tithe,5
571,p11,571,143,'c' 'h',0.15193533431738615,cheer,cheer,6
572,p11,572,143, 'h' 'e',0.16802820283919573,cheer,cheer,6
573,p11,573,143, 'e' 'e',0.14403207413852215,cheer,cheer,6
574,p11,574,143, 'e' 'r',0.26393794175237417,cheer,cheer,6
575,p11,575,144,'b' 'e',0.11996821034699678,belly,belly,5
576,p11,576,144, 'e' 'l',0.13605137262493372,belly,belly,5
577,p11,577,144, 'l' 'l',0.18395643308758736,belly,belly,5
578,p11,578,144, 'l' 'y',0.24799170903861523,belly,belly,5
579,p11,579,145,'e' 'd',0.19995203102007508,edthe,edthe,6
580,p11,580,145, 'd' 't',0.2640170459635556,edthe,edthe,6
581,p11,581,145, 't' 'h',0.14395805774256587,edthe,edthe,6
582,p11,582,145, 'h' 'e',0.1280083511956036,edthe,edthe,6
583,p11,583,146,'c' 'h',0.19998398423194885,cheer,cheer,7
584,p11,584,146, 'h' 'e',0.12001180183142424,cheer,cheer,7
585,p11,585,146, 'e' 'e',0.18404444213956594,cheer,cheer,7
586,p11,586,146, 'e' 'r',0.2079600179567933,cheer,cheer,7
587,p11,587,147,'l' 'u',0.26399793988093734,lucky,lucky,6
588,p11,588,147, 'u' 'c',0.16003970708698034,lucky,lucky,6
589,p11,589,147, 'c' 'k',0.13596603088080883,lucky,lucky,6
590,p11,590,147, 'k' 'y',0.2480613263323903,lucky,lucky,6
591,p11,591,148,'b' 'e',0.1439937800168991,belly,belly,6
592,p11,592,148, 'e' 'l',0.12001467775553465,belly,belly,6
593,p11,593,148, 'l' 'l',0.16805048985406756,belly,belly,6
594,p11,594,148, 'l' 'y',0.3119370234198868,belly,belly,6
595,p11,595,149,'h' 'e',0.1359126647002995,heond,heond,7
596,p11,596,149, 'e' 'o',0.09607609827071428,heond,heond,7
597,p11,597,149, 'o' 'n',0.18403076101094484,heond,heond,7
598,p11,598,149, 'n' 'd',0.1679475586861372,heond,heond,7
599,p11,599,150,'b' 'e',0.16004152595996857,belly,belly,7
600,p11,600,150, 'e' 'l',0.11999711114913225,belly,belly,7
601,p11,601,150, 'l' 'l',0.16800603410229087,belly,belly,7
602,p11,602,150, 'l' 'y',0.23197709303349257,belly,belly,7
603,p11,603,151,'t' 'i',0.11201813630759716,tithe,tithe,6
604,p11,604,151, 'i' 't',0.1359795918688178,tithe,tithe,6
605,p11,605,151, 't' 'h',0.08805288374423981,tithe,tithe,6
606,p11,606,151, 'h' 'e',0.14391309907659888,tithe,tithe,6
607,p11,607,152,'t' 'h',0.09600980300456285,therm,therm,5
608,p11,608,152, 'h' 'e',0.1520548351109028,therm,therm,5
609,p11,609,152, 'e' 'r',0.10394338285550475,therm,therm,5
610,p11,610,152, 'r' 'm',0.17604781314730644,therm,therm,5
611,p11,611,153,'b' 'u',0.1680395919829607,buddy,buddy,6
612,p11,612,153, 'u' 'd',0.22395503800362349,buddy,buddy,6
613,p11,613,153, 'd' 'd',0.17604076117277145,buddy,buddy,6
614,p11,614,153, 'd' 'y',0.11195424478501081,buddy,buddy,6
615,p11,615,154,'t' 'h',0.10403687600046396,theme,theme,7
616,p11,616,154, 'h' 'e',0.1600634348578751,theme,theme,7
617,p11,617,154, 'e' 'm',0.15996292140334845,theme,theme,7
618,p11,618,154, 'm' 'e',0.12794311391189694,theme,theme,7
619,p11,619,155,'h' 'a',0.14409078191965818,haole,haole,7
620,p11,620,155, 'a' 'o',0.11990340473130345,haole,haole,7
621,p11,621,155, 'o' 'l',0.24800632102414966,haole,haole,7
622,p11,622,155, 'l' 'e',0.1600354011170566,haole,haole,7
623,p11,623,156,'k' 'r',0.19999717082828283,kremp,kremp,5
624,p11,624,156, 'r' 'e',0.12805518321692944,kremp,kremp,5
625,p11,625,156, 'e' 'm',0.10406391508877277,kremp,kremp,5
626,p11,626,156, 'm' 'p',0.2239228799007833,kremp,kremp,5
627,p11,627,157,'c' 'h',0.14403086015954614,cheer,cheer,8
628,p11,628,157, 'h' 'e',0.1440493669360876,cheer,cheer,8
629,p11,629,157, 'e' 'e',0.17589823296293616,cheer,cheer,8
630,p11,630,157, 'e' 'r',0.24000517185777426,cheer,cheer,8
631,p11,631,158,'f' 'a',0.1280483603477478,faqir,faqir,7
632,p11,632,158, 'a' 'q',0.32794463261961937,faqir,faqir,7
633,p11,633,158, 'q' 'i',0.16802220698446035,faqir,faqir,7
634,p11,634,158, 'i' 'r',0.15198520896956325,faqir,faqir,7
635,p11,635,159,'z' 'i',0.12797574093565345,zibja,zibja,5
636,p11,636,159, 'i' 'b',0.24010256677865982,zibja,zibja,5
637,p11,637,159, 'b' 'j',0.17599271703511477,zibja,zibja,5
638,p11,638,159, 'j' 'a',0.18393302708864212,zibja,zibja,5
639,p11,639,160,'t' 'h',0.12800588365644217,think,think,6
640,p11,640,160, 'h' 'i',0.03999349009245634,think,think,6
641,p11,641,160, 'i' 'n',0.19207622297108173,think,think,6
642,p11,642,160, 'n' 'k',0.12793326610699296,think,think,6
643,p11,643,161,'t' 'h',0.13600296480581164,there,there,7
644,p11,644,161, 'h' 'e',0.152119564358145,there,there,7
645,p11,645,161, 'e' 'r',0.09588053682819009,there,there,7
646,p11,646,161, 'r' 'e',0.0960551998578012,there,there,7
647,p11,647,162,'v' 'o',0.12805646611377597,vodka,vodka,6
648,p11,648,162, 'o' 'd',0.16795435827225447,vodka,vodka,6
649,p11,649,162, 'd' 'k',0.2159916339442134,vodka,vodka,6
650,p11,650,162, 'k' 'a',0.12812885968014598,vodka,vodka,6
651,p11,651,163,'w' 'o',0.13605833193287253,would,would,5
652,p11,652,163, 'o' 'u',0.1439663078635931,would,would,5
653,p11,653,163, 'u' 'l',0.25603631185367703,would,would,5
654,p11,654,163, 'l' 'd',0.1599802509881556,would,would,5
655,p11,655,164,'p' 'y',0.3679975951090455,pykka,pykkka,7
656,p11,656,164, 'y' 'k',0.4239684920758009,pykka,pykkka,7
657,p11,657,164, 'k' 'k',0.13600254710763693,pykka,pykkka,7
658,p11,658,164, 'k' 'k',0.4000001708045602,pykka,pykkka,7
659,p11,659,164, 'k' 'a',0.1600047219544649,pykka,pykkka,7
660,p11,660,165,'b' 'e',0.13596797082573175,belly,belly,8
661,p11,661,165, 'e' 'l',0.15200063912197948,belly,belly,8
662,p11,662,165, 'l' 'l',0.14395560463890433,belly,belly,8
663,p11,663,165, 'l' 'y',0.2800098010338843,belly,belly,8
664,p11,664,166,'w' 'o',0.17600541841238737,would,would,6
665,p11,665,166, 'o' 'u',0.15999529091641307,would,would,6
666,p11,666,166, 'u' 'l',0.24000175995752215,would,would,6
667,p11,667,166, 'l' 'd',0.16000765608623624,would,would,6
668,p11,668,167,'a' 'b',0.14390991628170013,about,about,5
669,p11,669,167, 'b' 'o',0.12808759603649378,about,about,5
670,p11,670,167, 'o' 'u',0.16792090004310012,about,about,5
671,p11,671,167, 'u' 't',0.17599779274314642,about,about,5
672,p11,672,168,'t' 'h',0.13600731687620282,therm,therm,6
673,p11,673,168, 'h' 'e',0.12810784671455622,therm,therm,6
674,p11,674,168, 'e' 'r',0.06394527712836862,therm,therm,6
675,p11,675,168, 'r' 'm',0.1680322322063148,therm,therm,6
676,p11,676,169,'v' 'a',0.09604550898075104,vanru,vanru,6
677,p11,677,169, 'a' 'n',0.15998644102364779,vanru,vanru,6
678,p11,678,169, 'n' 'r',0.15198272000998259,vanru,vanru,6
679,p11,679,169, 'r' 'u',0.17598011204972863,vanru,vanru,6
680,p11,680,170,'h' 'a',0.15199727611616254,haole,haole,8
681,p11,681,170, 'a' 'o',0.12810381408780813,haole,haole,8
682,p11,682,170, 'o' 'l',0.2638888508081436,haole,haole,8
683,p11,683,170, 'l' 'e',0.13609752478078008,haole,haole,8
684,p11,684,171,'t' 'h',0.11197051499038935,think,think,7
685,p11,685,171, 'h' 'i',0.07203036826103926,think,think,7
686,p11,686,171, 'i' 'n',0.21599928895011544,think,think,7
687,p11,687,171, 'n' 'k',0.15997192868962884,think,think,7
688,p11,688,172,'a' 'b',0.1360256909392774,about,about,6
689,p11,689,172, 'b' 'o',0.14403352933004498,about,about,6
690,p11,690,172, 'o' 'u',0.15994411380961537,about,about,6
691,p11,691,172, 'u' 't',0.17599749425426126,about,about,6
692,p11,692,173,'c' 'o',0.3840255285613239,cooed,cooed,5
693,p11,693,173, 'o' 'o',0.15201267134398222,cooed,cooed,5
694,p11,694,173, 'o' 'e',0.16000955598428845,cooed,cooed,5
695,p11,695,173, 'e' 'd',0.23204458970576525,cooed,cooed,5
696,p11,696,174,'t' 'h',0.12796634016558528,therm,therm,7
697,p11,697,174, 'h' 'e',0.136003612075001,therm,therm,7
698,p11,698,174, 'e' 'r',0.07203089399263263,therm,therm,7
699,p11,699,174, 'r' 'm',0.17594422167167068,therm,therm,7
700,p11,700,175,'k' 'r',0.1519672255963087,kremp,kremp,6
701,p11,701,175, 'r' 'e',0.11990397423505783,kremp,kremp,6
702,p11,702,175, 'e' 'm',0.16800416493788362,kremp,kremp,6
703,p11,703,175, 'm' 'p',0.2160148830153048,kremp,kremp,6
704,p11,704,176,'z' 'i',0.16799950506538153,zibja,zibja,6
705,p11,705,176, 'i' 'b',0.224084977991879,zibja,zibja,6
706,p11,706,176, 'b' 'j',0.18396520288661122,zibja,zibja,6
707,p11,707,176, 'j' 'a',0.1599608650431037,zibja,zibja,6
708,p11,708,177,'d' 'r',0.31198514718562365,druze,druze,6
709,p11,709,177, 'r' 'u',0.1840003770776093,druze,druze,6
710,p11,710,177, 'u' 'z',0.20000269589945674,druze,druze,6
711,p11,711,177, 'z' 'e',0.25604728795588017,druze,druze,6
712,p11,712,178,'z' 'i',0.14413371728733182,zibja,zibja,7
713,p11,713,178, 'i' 'b',0.21592931495979428,zibja,zibja,7
714,p11,714,178, 'b' 'j',0.17599647073075175,zibja,zibja,7
715,p11,715,178, 'j' 'a',0.15192960388958454,zibja,zibja,7
716,p11,716,179,'h' 'e',0.1360030430369079,heond,heond,8
717,p11,717,179, 'e' 'o',0.1280088871717453,heond,heond,8
718,p11,718,179, 'o' 'n',0.24003318790346384,heond,heond,8
719,p11,719,179, 'n' 'd',0.20001746015623212,heond,heond,8
720,p11,720,180,'b' 'u',0.18404422979801893,buddy,buddy,7
721,p11,721,180, 'u' 'd',0.22401142120361328,buddy,buddy,7
722,p11,722,180, 'd' 'd',0.16793711204081774,buddy,buddy,7
723,p11,723,180, 'd' 'y',0.12000528676435351,buddy,buddy,7
724,p11,724,181,'z' 'i',0.16794316191226244,zibja,zibja,8
725,p11,725,181, 'i' 'b',0.19205435505136847,zibja,zibja,8
726,p11,726,181, 'b' 'j',0.20795125188305974,zibja,zibja,8
727,p11,727,181, 'j' 'a',0.16004568804055452,zibja,zibja,8
728,p11,728,182,'t' 'h',0.19193152664229274,think,think,8
729,p11,729,182, 'h' 'i',0.05603546695783734,think,think,8
730,p11,730,182, 'i' 'n',0.2079558502882719,think,think,8
731,p11,731,182, 'n' 'k',0.17604832584038377,think,think,8
732,p11,732,183,'c' 'o',0.2799955257214606,cooed,cooed,6
733,p11,733,183, 'o' 'o',0.14402563404291868,cooed,cooed,6
734,p11,734,183, 'o' 'e',0.20803431421518326,cooed,cooed,6
735,p11,735,183, 'e' 'd',0.183955242857337,cooed,cooed,6
736,p11,736,184,'e' 'd',0.2239992651157081,edthe,edthe,7
737,p11,737,184, 'd' 't',0.2639639941044152,edthe,edthe,7
738,p11,738,184, 't' 'h',0.16003974992781878,edthe,edthe,7
739,p11,739,184, 'h' 'e',0.11194655299186707,edthe,edthe,7
740,p11,740,185,'d' 'r',0.2560325930826366,druze,druze,7
741,p11,741,185, 'r' 'u',0.17606119625270367,druze,druze,7
742,p11,742,185, 'u' 'z',0.19188528368249536,druze,druze,7
743,p11,743,185, 'z' 'e',0.24006840027868748,druze,druze,7
744,p11,744,186,'v' 'a',0.24803699180483818,vanru,vanru,7
745,p11,745,186, 'a' 'n',0.13595142401754856,vanru,vanru,7
746,p11,746,186, 'n' 'r',0.23199844593182206,vanru,vanru,7
747,p11,747,186, 'r' 'u',0.19210151117295027,vanru,vanru,7
748,p11,748,187,'w' 'o',0.15199771337211132,would,would,7
749,p11,749,187, 'o' 'u',0.1280513945966959,would,would,7
750,p11,750,187, 'u' 'l',0.23195200506597757,would,would,7
751,p11,751,187, 'l' 'd',0.1200962271541357,would,would,7
752,p11,752,188,'c' 'h',0.18398747174069285,champ,champ,6
753,p11,753,188, 'h' 'a',0.1760149523615837,champ,champ,6
754,p11,754,188, 'a' 'm',0.2319921487942338,champ,champ,6
755,p11,755,188, 'm' 'p',0.1680048732087016,champ,champ,6
756,p11,756,189,'c' 'o',0.16797304525971413,cooed,cooed,7
757,p11,757,189, 'o' 'o',0.1919905487447977,cooed,cooed,7
758,p11,758,189, 'o' 'e',0.20802176231518388,cooed,cooed,7
759,p11,759,189, 'e' 'd',0.191978489048779,cooed,cooed,7
760,p11,760,190,'a' 'b',0.19188884273171425,about,about,7
761,p11,761,190, 'b' 'o',0.14399709599092603,about,about,7
762,p11,762,190, 'o' 'u',0.16008992213755846,about,about,7
763,p11,763,190, 'u' 't',0.17591947922483087,about,about,7
764,p11,764,191,'t' 'h',0.18401912692934275,there,there,8
765,p11,765,191, 'h' 'e',0.1280285269021988,there,there,8
766,p11,766,191, 'e' 'r',0.11200670013204217,there,there,8
767,p11,767,191, 'r' 'e',0.1120409732684493,there,there,8
768,p11,768,192,'t' 'i',0.43204856663942337,tithe,tithe,7
769,p11,769,192, 'i' 't',0.23191470000892878,tithe,tithe,7
770,p11,770,192, 't' 'h',0.11202465230599046,tithe,tithe,7
771,p11,771,192, 'h' 'e',0.16000881511718035,tithe,tithe,7
772,p11,772,193,'w' 'o',0.13594923401251435,would,would,8
773,p11,773,193, 'o' 'u',0.17605239804834127,would,would,8
774,p11,774,193, 'u' 'l',0.26400752970948815,would,would,8
775,p11,775,193, 'l' 'd',0.15199749497696757,would,would,8
776,p11,776,194,'p' 'u',0.25593237299472094,puppy,puppy,6
777,p11,777,194, 'u' 'p',0.24005560716614127,puppy,puppy,6
778,p11,778,194, 'p' 'p',0.1359873409382999,puppy,puppy,6
779,p11,779,194, 'p' 'y',0.23998870188370347,puppy,puppy,6
780,p11,780,195,'l' 'u',0.26390085695311427,lucky,lucky,7
781,p11,781,195, 'u' 'c',0.19211880723014474,lucky,lucky,7
782,p11,782,195, 'c' 'k',0.1118817557580769,lucky,lucky,7
783,p11,783,195, 'k' 'y',0.3680881350301206,lucky,lucky,7
784,p11,784,196,'t' 'h',0.13601361587643623,theme,theme,8
785,p11,785,196, 'h' 'e',0.16799676604568958,theme,theme,8
786,p11,786,196, 'e' 'm',0.1760779768228531,theme,theme,8
787,p11,787,196, 'm' 'e',0.11190106393769383,theme,theme,8
788,p11,788,197,'l' 'u',0.2719462583772838,lucky,lucky,8
789,p11,789,197, 'u' 'c',0.16006417386233807,lucky,lucky,8
790,p11,790,197, 'c' 'k',0.11992450570687652,lucky,lucky,8
791,p11,791,197, 'k' 'y',0.35206092800945044,lucky,lucky,8
792,p11,792,198,'h' 'e',0.11195100098848343,heond,heond,9
793,p11,793,198, 'e' 'o',0.11199096031486988,heond,heond,9
794,p11,794,198, 'o' 'n',0.18403224367648363,heond,heond,9
795,p11,795,198, 'n' 'd',0.15197729133069515,heond,heond,9
796,p11,796,199,'e' 'd',0.19196292338892817,edthe,edthe,8
797,p11,797,199, 'd' 't',0.26399699971079826,edthe,edthe,8
798,p11,798,199, 't' 'h',0.16006504697725177,edthe,edthe,8
799,p11,799,199, 'h' 'e',0.1360014989040792,edthe,edthe,8
800,p11,800,200,'d' 'r',0.24000632809475064,druze,druze,8
801,p11,801,200, 'r' 'u',0.12000548699870706,druze,druze,8
802,p11,802,200, 'u' 'z',0.20803497219458222,druze,druze,8
803,p11,803,200, 'z' 'e',0.351945947855711,druze,druze,8
804,p11,804,201,'t' 'h',0.12000722205266356,therm,therm,8
805,p11,805,201, 'h' 'e',0.15205323975533247,therm,therm,8
806,p11,806,201, 'e' 'r',0.10398165695369244,therm,therm,8
807,p11,807,201, 'r' 'm',0.17594870505854487,therm,therm,8
808,p11,808,202,'l' 'u',0.27995056798681617,lucky,lucky,9
809,p11,809,202, 'u' 'c',0.13603467913344502,lucky,lucky,9
810,p11,810,202, 'c' 'k',0.1279225992038846,lucky,lucky,9
811,p11,811,202, 'k' 'y',0.3200401458889246,lucky,lucky,9
812,p11,812,203,'p' 'y',0.5519539378583431,pykka,pykka,8
813,p11,813,203, 'y' 'k',0.43994502909481525,pykka,pykka,8
814,p11,814,203, 'k' 'k',0.15200644079595804,pykka,pykka,8
815,p11,815,203, 'k' 'a',0.19205152010545135,pykka,pykka,8
816,p11,816,204,'k' 'r',0.1600651522167027,kremp,kremp,7
817,p11,817,204, 'r' 'e',0.11993444291874766,kremp,kremp,7
818,p11,818,204, 'e' 'm',0.08010151982307434,kremp,kremp,7
819,p11,819,204, 'm' 'p',0.1678937249816954,kremp,kremp,7
820,p11,820,205,'t' 'h',0.13598395977169275,therm,therm,9
821,p11,821,205, 'h' 'e',0.15195730421692133,therm,therm,9
822,p11,822,205, 'e' 'r',0.08800895977765322,therm,therm,9
823,p11,823,205, 'r' 'm',0.16802722914144397,therm,therm,9
824,p11,824,206,'f' 'a',0.11193430377170444,faqir,faqir,8
825,p11,825,206, 'a' 'q',0.30403880635276437,faqir,faqir,8
826,p11,826,206, 'q' 'i',0.19198300875723362,faqir,faqir,8
827,p11,827,206, 'i' 'r',0.43194623198360205,faqir,faqir,8
828,p11,828,207,'t' 'h',0.11994073586538434,there,there,9
829,p11,829,207, 'h' 'e',0.14400376798585057,there,there,9
830,p11,830,207, 'e' 'r',0.08003278123214841,there,there,9
831,p11,831,207, 'r' 'e',0.11996754398569465,there,there,9
832,p11,832,208,'v' 'o',0.12000303994864225,vodka,vodka,7
833,p11,833,208, 'o' 'd',0.14410206163302064,vodka,vodka,7
834,p11,834,208, 'd' 'k',0.19201453123241663,vodka,vodka,7
835,p11,835,208, 'k' 'a',0.11987958196550608,vodka,vodka,7
836,p11,836,209,'b' 'e',0.16794467996805906,belly,belly,9
837,p11,837,209, 'e' 'l',0.14402063796296716,belly,belly,9
838,p11,838,209, 'l' 'l',0.1679737833328545,belly,belly,9
839,p11,839,209, 'l' 'y',0.28003425896167755,belly,belly,9
840,p11,840,210,'e' 'd',0.1600470682606101,edthe,edthe,9
841,p11,841,210, 'd' 't',0.27994539588689804,edthe,edthe,9
842,p11,842,210, 't' 'h',0.12004793621599674,edthe,edthe,9
843,p11,843,210, 'h' 'e',0.11199502600356936,edthe,edthe,9
844,p11,844,211,'b' 'u',0.1599946180358529,buddy,buddy,8
845,p11,845,211, 'u' 'd',0.17599857784807682,buddy,buddy,8
846,p11,846,211, 'd' 'd',0.18399980198591948,buddy,buddy,8
847,p11,847,211, 'd' 'y',0.1120553188957274,buddy,buddy,8
848,p11,848,212,'t' 'i',0.11197383981198072,tithe,tithe,8
849,p11,849,212, 'i' 't',0.14401898719370365,tithe,tithe,8
850,p11,850,212, 't' 'h',0.12799491081386805,tithe,tithe,8
851,p11,851,212, 'h' 'e',0.11195050738751888,tithe,tithe,8
852,p11,852,213,'b' 'u',0.14398880396038294,buddy,buddy,9
853,p11,853,213, 'u' 'd',0.19204568909481168,buddy,buddy,9
854,p11,854,213, 'd' 'd',0.15195940108969808,buddy,buddy,9
855,p11,855,213, 'd' 'y',0.12005596794188023,buddy,buddy,9
856,p11,856,214,'c' 'v',0.0,cooed,cvooed,8
857,p11,857,214, 'v' 'o',0.3920040810480714,cooed,cvooed,8
858,p11,858,214, 'o' 'o',0.17604291811585426,cooed,cvooed,8
859,p11,859,214, 'o' 'e',0.1520062731578946,cooed,cvooed,8
860,p11,860,214, 'e' 'd',0.1280581639148295,cooed,cvooed,8
861,p11,861,215,'f' 'a',0.1439259429462254,faqir,faqir,9
862,p11,862,215, 'a' 'q',0.6880642380565405,faqir,faqir,9
863,p11,863,215, 'q' 'i',0.11992606287822127,faqir,faqir,9
864,p11,864,215, 'i' 'r',0.224075507838279,faqir,faqir,9
865,p11,865,216,'d' 'r',0.3359968699514866,druze,druze,9
866,p11,866,216, 'r' 'u',0.20000155083835125,druze,druze,9
867,p11,867,216, 'u' 'z',0.21600517723709345,druze,druze,9
868,p11,868,216, 'z' 'e',0.288041478022933,druze,druze,9
869,p11,869,217,'v' 'o',0.15200207103043795,vodka,vodka,8
870,p11,870,217, 'o' 'd',0.1520697558298707,vodka,vodka,8
871,p11,871,217, 'd' 'k',0.2079758713953197,vodka,vodka,8
872,p11,872,217, 'k' 'a',0.12800634605810046,vodka,vodka,8
873,p11,873,218,'p' 'y',0.839986595325172,pykka,pykka,9
874,p11,874,218, 'y' 'k',0.39195706602185965,pykka,pykka,9
875,p11,875,218, 'k' 'k',0.20000946801155806,pykka,pykka,9
876,p11,876,218, 'k' 'a',0.1439805729314685,pykka,pykka,9
877,p11,877,219,'v' 'o',0.15202633198350668,vodka,vodka,9
878,p11,878,219, 'o' 'd',0.1520145097747445,vodka,vodka,9
879,p11,879,219, 'd' 'k',0.22390438616275787,vodka,vodka,9
880,p11,880,219, 'k' 'a',0.15199867310002446,vodka,vodka,9
881,p11,881,220,'p' 'u',0.312055632006377,puppy,puppy,7
882,p11,882,220, 'u' 'p',0.3039492736570537,puppy,puppy,7
883,p11,883,220, 'p' 'p',0.12805430637672544,puppy,puppy,7
884,p11,884,220, 'p' 'y',0.2959820628166199,puppy,puppy,7
885,p11,885,221,'k' 'r',0.16801562812179327,kremp,kremo,8
886,p11,886,221, 'r' 'e',0.13605319894850254,kremp,kremo,8
887,p11,887,221, 'e' 'm',0.1359812361188233,kremp,kremo,8
888,p11,888,221, 'm' 'o',0.15205578599125147,kremp,kremo,8
889,p11,889,222,'v' 'o',0.6319970660842955,cooed,vooed,9
890,p11,890,222, 'o' 'o',0.17604511370882392,cooed,vooed,9
891,p11,891,222, 'o' 'e',0.11995965102687478,cooed,vooed,9
892,p11,892,222, 'e' 'd',0.12001109914854169,cooed,vooed,9
893,p11,893,223,'c' 'h',0.17605277011170983,champ,champ,7
894,p11,894,223, 'h' 'a',0.11999771185219288,champ,champ,7
895,p11,895,223, 'a' 'm',0.20795430429279804,champ,champ,7
896,p11,896,223, 'm' 'p',0.20800069207325578,champ,champ,7
897,p11,897,224,'h' 'a',0.13601297000423074,haole,haole,9
898,p11,898,224, 'a' 'o',0.22391880489885807,haole,haole,9
899,p11,899,224, 'o' 'l',0.30402720579877496,haole,haole,9
900,p11,900,224, 'l' 'e',0.15997501695528626,haole,haole,9
901,p11,901,225,'t' 'h',0.12004358693957329,theme,theme,9
902,p11,902,225, 'h' 'e',0.20794821437448263,theme,theme,9
903,p11,903,225, 'e' 'm',0.15200040489435196,theme,theme,9
904,p11,904,225, 'm' 'e',0.15199750382453203,theme,theme,9
905,p11,905,226,'c' 'h',0.3119972227141261,champ,champ,8
906,p11,906,226, 'h' 'a',0.1600330313667655,champ,champ,8
907,p11,907,226, 'a' 'm',0.20800772868096828,champ,champ,8
908,p11,908,226, 'm' 'p',0.20795695995911956,champ,champ,8
909,p11,909,227,'v' 'a',0.15998360980302095,vanru,vanru,8
910,p11,910,227, 'a' 'n',0.16807728307321668,vanru,vanru,8
911,p11,911,227, 'n' 'r',0.17591463308781385,vanru,vanru,8
912,p11,912,227, 'r' 'u',0.20000077597796917,vanru,vanru,8
913,p11,913,228,'c' 'h',0.18403280433267355,champ,champ,9
914,p11,914,228, 'h' 'a',0.12001111079007387,champ,champ,9
915,p11,915,228, 'a' 'm',0.19195818109437823,champ,champ,9
916,p11,916,228, 'm' 'p',0.19207911984995008,champ,champ,9
917,p11,917,229,'p' 'u',0.2479066546075046,puppy,puppy,8
918,p11,918,229, 'u' 'p',0.2400503819808364,puppy,puppy,8
919,p11,919,229, 'p' 'p',0.12001394014805555,puppy,puppy,8
920,p11,920,229, 'p' 'y',0.25591811817139387,puppy,puppy,8
921,p11,921,230,'c' 'h',0.1600070740096271,cheer,cheer,9
922,p11,922,230, 'h' 'e',0.16012207604944706,cheer,cheer,9
923,p11,923,230, 'e' 'e',0.1679450199007988,cheer,cheer,9
924,p11,924,230, 'e' 'r',0.2239677789621055,cheer,cheer,9
925,p11,925,231,'a' 'b',0.3360545211471617,about,about,8
926,p11,926,231, 'b' 'o',0.20001181308180094,about,about,8
927,p11,927,231, 'o' 'u',0.18393748300150037,about,about,8
928,p11,928,231, 'u' 't',0.2000048728659749,about,about,8
929,p11,929,232,'p' 'u',0.2880097762681544,puppy,puppy,9
930,p11,930,232, 'u' 'p',0.25592734664678574,puppy,puppy,9
931,p11,931,232, 'p' 'p',0.14408461842685938,puppy,puppy,9
932,p11,932,232, 'p' 'y',0.2799181495793164,puppy,puppy,9
933,p11,933,233,'v' 'a',0.12807602202519774,vanru,vanru,9
934,p11,934,233, 'a' 'n',0.16794621292501688,vanru,vanru,9
935,p11,935,233, 'n' 'r',0.1599747519940138,vanru,vanru,9
936,p11,936,233, 'r' 'u',0.11199980787932873,vanru,vanru,9
937,p11,937,234,'a' 'b',0.15999387297779322,about,about,9
938,p11,938,234, 'b' 'o',0.16000415990129113,about,about,9
939,p11,939,234, 'o' 'u',0.13608701527118683,about,about,9
940,p11,940,234, 'u' 't',0.1679093185812235,about,about,9
941,p11,941,235,'w' 'o',0.12800177093595266,would,would,9
942,p11,942,235, 'o' 'u',0.13599201990291476,would,would,9
943,p11,943,235, 'u' 'l',0.23202783800661564,would,would,9
944,p11,944,235, 'l' 'd',0.11199936317279935,would,would,9
945,p11,945,236,'t' 'h',0.13590786280110478,think,think,9
946,p11,946,236, 'h' 'i',0.08807882992550731,think,think,9
947,p11,947,236, 'i' 'n',0.18401120696216822,think,think,9
948,p11,948,236, 'n' 'k',0.1359117552638054,think,think,9
949,p11,949,237,'z' 'i',0.19196287402883172,zibja,zibja,9
950,p11,950,237, 'i' 'b',0.2720407280139625,zibja,zibja,9
951,p11,951,237, 'b' 'j',0.1919419700279832,zibja,zibja,9
952,p11,952,237, 'j' 'a',0.15200587501749396,zibja,zibja,9
953,p11,953,238,'k' 'r',0.1920957430265844,kremp,kremp,9
954,p11,954,238, 'r' 'e',0.10399872297421098,kremp,kremp,9
955,p11,955,238, 'e' 'm',0.15995963290333748,kremp,kremp,9
956,p11,956,238, 'm' 'p',0.19194485386833549,kremp,kremp,9
957,p11,957,239,'t' 'i',0.13599670911207795,tithe,tithe,9
958,p11,958,239, 'i' 't',0.13601743709295988,tithe,tithe,9
959,p11,959,239, 't' 'h',0.1200269521214068,tithe,tithe,9
960,p11,960,239, 'h' 'e',0.12002826388925314,tithe,tithe,9
