,sID,Bigram #,Trial #,Bigram,IKI,string,resp_string
0,p09,0,0,'t' 'h',0.03198889800114557,think,think
1,p09,1,0, 'h' 'i',0.17605206000735052,think,think
2,p09,2,0, 'i' 'n',0.18395133697777055,think,think
3,p09,3,0, 'n' 'k',0.4239974840020295,think,think
4,p09,4,1,'b' 'u',0.34392858302453533,buddy,buddy
5,p09,5,1, 'u' 'd',0.6800085849827155,buddy,buddy
6,p09,6,1, 'd' 'd',0.1439760909997858,buddy,buddy
7,p09,7,1, 'd' 'y',0.06399119601701386,buddy,buddy
8,p09,8,2,'t' 'i',0.07999319600639865,tithe,tithe
9,p09,9,2, 'i' 't',0.37595840901485644,tithe,tithe
10,p09,10,2, 't' 'h',0.056050816987408325,tithe,tithe
11,p09,11,2, 'h' 'e',0.11195612698793411,tithe,tithe
12,p09,12,3,'k' 't',0.12006320001091808,kremp,ktremp
13,p09,13,3, 't' 'r',0.45593244198244065,kremp,ktremp
14,p09,14,3, 'r' 'e',0.19202195000252686,kremp,ktremp
15,p09,15,3, 'e' 'm',0.2560277890006546,kremp,ktremp
16,p09,16,3, 'm' 'p',0.30402295500971377,kremp,ktremp
17,p09,17,4,'t' 'h',0.04799818602623418,therm,theerm
18,p09,18,4, 'h' 'e',0.09593752599903382,therm,theerm
19,p09,19,4, 'e' 'e',0.1760347449744586,therm,theerm
20,p09,20,4, 'e' 'r',0.3679943510214798,therm,theerm
21,p09,21,4, 'r' 'm',0.0879630759882275,therm,theerm
22,p09,22,5,'h' 'a',0.12794244699762203,haole,haole
23,p09,23,5, 'a' 'o',0.6560552729933988,haole,haole
24,p09,24,5, 'o' 'l',0.39194344301358797,haole,haole
25,p09,25,5, 'l' 'e',0.056073154002660885,haole,haole
26,p09,26,6,'c' 'h',0.08006015600403771,champ,champ
27,p09,27,6, 'h' 'a',0.07994988901191391,champ,champ
28,p09,28,6, 'a' 'm',0.33605290699051693,champ,champ
29,p09,29,6, 'm' 'p',0.19998045000829734,champ,champ
30,p09,30,7,'c' 'o',0.09599572798470035,cooed,cooed
31,p09,31,7, 'o' 'o',0.1280595650023315,cooed,cooed
32,p09,32,7, 'o' 'e',0.07988971800659783,cooed,cooed
33,p09,33,7, 'e' 'd',0.1760044579859823,cooed,cooed
34,p09,34,8,'t' 'h',0.07196176599245518,there,there
35,p09,35,8, 'h' 'e',0.10394558499683626,there,there
36,p09,36,8, 'e' 'r',0.28007680000155233,there,there
37,p09,37,8, 'r' 'e',0.1519286349939648,there,there
38,p09,38,9,'v' 'a',0.367978663998656,vanru,vanru
39,p09,39,9, 'a' 'n',0.15193210300640203,vanru,vanru
40,p09,40,9, 'n' 'r',0.42400520099909045,vanru,vanru
41,p09,41,9, 'r' 'u',0.07200256301439367,vanru,vanru
42,p09,42,10,'t' 'h',0.06403795699588954,therm,therm
43,p09,43,10, 'h' 'e',0.12796247901860625,therm,therm
44,p09,44,10, 'e' 'r',0.20000033697579056,therm,therm
45,p09,45,10, 'r' 'm',0.111992647027364,therm,therm
46,p09,46,11,'z' 'i',0.10400304998620413,zibja,zibja
47,p09,47,11, 'i' 'b',0.19199807901168242,zibja,zibja
48,p09,48,11, 'b' 'j',0.18404668098082766,zibja,zibja
49,p09,49,11, 'j' 'a',0.13598299800651148,zibja,zibja
50,p09,50,12,'t' 'h',0.0959741179831326,therm,therm
51,p09,51,12, 'h' 'e',0.08019123302074149,therm,therm
52,p09,52,12, 'e' 'r',0.16781444399384782,therm,therm
53,p09,53,12, 'r' 'm',0.08804750398849137,therm,therm
54,p09,54,13,'p' 'y',0.08000351800001226,pykka,pykka
55,p09,55,13, 'y' 'k',0.407997353002429,pykka,pykka
56,p09,56,13, 'k' 'k',0.14410025600227527,pykka,pykka
57,p09,57,13, 'k' 'a',0.07194525600061752,pykka,pykka
58,p09,58,14,'p' 'u',0.20001316000707448,puppy,puppy
59,p09,59,14, 'u' 'p',0.43201504499302246,puppy,puppy
60,p09,60,14, 'p' 'p',0.12799788400297984,puppy,puppy
61,p09,61,14, 'p' 'y',0.08795523599837907,puppy,puppy
62,p09,62,15,'v' 'a',0.08794149701134302,vanru,vanru
63,p09,63,15, 'a' 'n',0.13600634600152262,vanru,vanru
64,p09,64,15, 'n' 'r',0.28803452200372703,vanru,vanru
65,p09,65,15, 'r' 'u',0.08001656099804677,vanru,vanru
66,p09,66,16,'h' 'r',0.06398130999878049,heond,hrond
67,p09,67,16, 'r' 'o',0.49602243400295265,heond,hrond
68,p09,68,16, 'o' 'n',0.6399730530101806,heond,hrond
69,p09,69,16, 'n' 'd',0.3360549450153485,heond,hrond
70,p09,70,17,'k' 'r',0.0639472970215138,kremp,kremp
71,p09,71,17, 'r' 'e',0.20000613198499195,kremp,kremp
72,p09,72,17, 'e' 'm',0.12803671401343308,kremp,kremp
73,p09,73,17, 'm' 'p',0.1679544209910091,kremp,kremp
74,p09,74,18,'f' 'a',0.11199561099056154,faqir,faqui
75,p09,75,18, 'a' 'q',1.0160002210177481,faqir,faqui
76,p09,76,18, 'q' 'u',0.11199420297634788,faqir,faqui
77,p09,77,18, 'u' 'i',0.168018499010941,faqir,faqui
78,p09,78,19,'t' 'h',0.04810482801985927,think,think
79,p09,79,19, 'h' 'i',0.16789938099100254,think,think
80,p09,80,19, 'i' 'n',0.1600354399997741,think,think
81,p09,81,19, 'n' 'k',0.1840180270082783,think,think
82,p09,82,20,'b' 'u',0.159987771010492,buddy,buddy
83,p09,83,20, 'u' 'd',0.336013734980952,buddy,buddy
84,p09,84,20, 'd' 'd',0.14398634099052288,buddy,buddy
85,p09,85,20, 'd' 'y',0.06405333802103996,buddy,buddy
86,p09,86,21,'a' 'b',0.07194333997904323,about,abouy
87,p09,87,21, 'b' 'o',0.20000611801515333,about,abouy
88,p09,88,21, 'o' 'u',0.25605165798333474,about,abouy
89,p09,89,21, 'u' 'y',0.10399771700031124,about,abouy
90,p09,90,22,'t' 'h',0.07999155099969357,therm,therm
91,p09,91,22, 'h' 'e',0.08799459799774922,therm,therm
92,p09,92,22, 'e' 'r',0.14403778201085515,therm,therm
93,p09,93,22, 'r' 'm',0.11996613899827935,therm,therm
94,p09,94,23,'b' 'e',0.0879534790001344,belly,belly
95,p09,95,23, 'e' 'l',0.26407781802117825,belly,belly
96,p09,96,23, 'l' 'l',0.15192246399237774,belly,belly
97,p09,97,23, 'l' 'y',0.048092078999616206,belly,belly
98,p09,98,24,'v' 'o',0.08798943500733003,vodka,vodka
99,p09,99,24, 'o' 'd',0.31200023999554105,vodka,vodka
100,p09,100,24, 'd' 'k',0.1840436110214796,vodka,vodka
101,p09,101,24, 'k' 'a',0.08004014799371362,vodka,vodka
102,p09,102,25,'w' 'o',0.06401452000136487,would,would
103,p09,103,25, 'o' 'u',0.1840382679947652,would,would
104,p09,104,25, 'u' 'l',0.4239858629880473,would,would
105,p09,105,25, 'l' 'd',0.07190496299881488,would,would
106,p09,106,26,'b' 'u',0.360015416983515,buddy,buddu
107,p09,107,26, 'u' 'd',0.30401779801468365,buddy,buddu
108,p09,108,26, 'd' 'd',0.1599591409903951,buddy,buddu
109,p09,109,26, 'd' 'u',0.09606760699534789,buddy,buddu
110,p09,110,27,'t' 'h',1.1520005419733934,think,think
111,p09,111,27, 'h' 'i',0.44000209801015444,think,think
112,p09,112,27, 'i' 'n',0.2880466349888593,think,think
113,p09,113,27, 'n' 'k',0.15196079600718804,think,think
114,p09,114,28,'z' 'i',0.09594512899639085,zibja,zibja
115,p09,115,28, 'i' 'b',0.37605448000249453,zibja,zibja
116,p09,116,28, 'b' 'j',0.3759626869868953,zibja,zibja
117,p09,117,28, 'j' 'a',0.06398109102156013,zibja,zibja
118,p09,118,29,'p' 'u',0.2719986370066181,puppy,puppy
119,p09,119,29, 'u' 'p',0.44804785298765637,puppy,puppy
120,p09,120,29, 'p' 'p',0.15195438300725073,puppy,puppy
121,p09,121,29, 'p' 'y',0.08008872999926098,puppy,puppy
122,p09,122,30,'c' 'o',0.11199649900663644,cooed,cooed
123,p09,123,30, 'o' 'o',0.1440568690013606,cooed,cooed
124,p09,124,30, 'o' 'e',0.08006058700266294,cooed,cooed
125,p09,125,30, 'e' 'd',0.1758840050024446,cooed,cooed
126,p09,126,31,'f' 'a',0.08000603000982665,faqir,faqir
127,p09,127,31, 'a' 'q',0.5679767479887232,faqir,faqir
128,p09,128,31, 'q' 'i',0.35201527300523594,faqir,faqir
129,p09,129,31, 'i' 'r',0.05606203599018045,faqir,faqir
130,p09,130,32,'t' 'h',0.07203916099388152,there,there
131,p09,131,32, 'h' 'e',0.10399340899311937,there,there
132,p09,132,32, 'e' 'r',0.1679470610106364,there,there
133,p09,133,32, 'r' 'e',0.18400676499004476,there,there
134,p09,134,33,'a' 'b',0.11200133900274523,about,about
135,p09,135,33, 'b' 'o',0.22401425801217556,about,about
136,p09,136,33, 'o' 'u',0.4560850349953398,about,about
137,p09,137,33, 'u' 't',0.0719018249947112,about,about
138,p09,138,34,'w' 'o',0.08799005599576049,would,would
139,p09,139,34, 'o' 'u',0.23995713700423948,would,would
140,p09,140,34, 'u' 'l',0.24802476598415524,would,would
141,p09,141,34, 'l' 'd',0.2479957620089408,would,would
142,p09,142,35,'t' 'i',0.08015609200811014,tithe,tithe
143,p09,143,35, 'i' 't',0.10388556699035689,tithe,tithe
144,p09,144,35, 't' 'h',0.1679957430169452,tithe,tithe
145,p09,145,35, 'h' 'e',0.07996110297972336,tithe,tithe
146,p09,146,36,'c' 'h',0.07986540501588024,champ,chasmo
147,p09,147,36, 'h' 'a',0.1280628840031568,champ,chasmo
148,p09,148,36, 'a' 's',0.00799827097216621,champ,chasmo
149,p09,149,36, 's' 'm',0.31193882500519976,champ,chasmo
150,p09,150,36, 'm' 'o',0.15200186299625784,champ,chasmo
151,p09,151,37,'k' 'r',0.08798907499294728,kremp,kremp
152,p09,152,37, 'r' 'e',0.16004435200011358,kremp,kremp
153,p09,153,37, 'e' 'm',0.4559518870082684,kremp,kremp
154,p09,154,37, 'm' 'p',0.1440580199996475,kremp,kremp
155,p09,155,38,'p' 'u',0.2000400639954023,puppy,puppy
156,p09,156,38, 'u' 'p',0.31990699100424536,puppy,puppy
157,p09,157,38, 'p' 'p',0.1680150959873572,puppy,puppy
158,p09,158,38, 'p' 'y',0.13599198599695228,puppy,puppy
159,p09,159,39,'c' 'h',0.10404170799301937,cheer,cheer
160,p09,160,39, 'h' 'e',0.09599254501517862,cheer,cheer
161,p09,161,39, 'e' 'e',0.1919121209939476,cheer,cheer
162,p09,162,39, 'e' 'r',0.16001259398763068,cheer,cheer
163,p09,163,40,'e' 'd',0.19998870699782856,edthe,edthe
164,p09,164,40, 'd' 't',0.28803861801861785,edthe,edthe
165,p09,165,40, 't' 'h',0.17595452000387013,edthe,edthe
166,p09,166,40, 'h' 'e',0.0639992149954196,edthe,edthe
167,p09,167,41,'b' 'r',0.10406343601061963,belly,brlly
168,p09,168,41, 'r' 'l',0.4000139709969517,belly,brlly
169,p09,169,41, 'l' 'l',0.14392352200229652,belly,brlly
170,p09,170,41, 'l' 'y',0.056086128985043615,belly,brlly
171,p09,171,42,'c' 'h',0.08806625701254234,cheer,cheer
172,p09,172,42, 'h' 'e',0.063932613003999,cheer,cheer
173,p09,173,42, 'e' 'e',0.17612345999805257,cheer,cheer
174,p09,174,42, 'e' 'r',0.15999285099678673,cheer,cheer
175,p09,175,43,'t' 'h',0.07203844600007869,think,think
176,p09,176,43, 'h' 'i',0.43191475298954174,think,think
177,p09,177,43, 'i' 'n',0.23203815199667588,think,think
178,p09,178,43, 'n' 'k',0.26401214601355605,think,think
179,p09,179,44,'c' 'o',0.17603966701426543,cooed,cooed
180,p09,180,44, 'o' 'o',0.12000998400617391,cooed,cooed
181,p09,181,44, 'o' 'e',0.12800143897766247,cooed,cooed
182,p09,182,44, 'e' 'd',0.16801441300776787,cooed,cooed
183,p09,183,45,'d' 'r',0.16809272600221448,druze,druuze
184,p09,184,45, 'r' 'u',0.14393403800204396,druze,druuze
185,p09,185,45, 'u' 'u',0.6960018760000821,druze,druuze
186,p09,186,45, 'u' 'z',0.3519941770064179,druze,druuze
187,p09,187,45, 'z' 'e',0.19997985399095342,druze,druuze
188,p09,188,46,'t' 'i',0.06399691896513104,tithe,tithe
189,p09,189,46, 'i' 't',0.09605066699441522,tithe,tithe
190,p09,190,46, 't' 'h',0.15200311003718525,tithe,tithe
191,p09,191,46, 'h' 'e',0.03995742596453056,tithe,tithe
192,p09,192,47,'v' 'a',0.06399147101910785,vanru,vanru
193,p09,193,47, 'a' 'n',0.1519682389916852,vanru,vanru
194,p09,194,47, 'n' 'r',0.29605609696591273,vanru,vanru
195,p09,195,47, 'r' 'u',0.09593959001358598,vanru,vanru
196,p09,196,48,'a' 'b',0.08800341002643108,about,about
197,p09,197,48, 'b' 'o',0.20795591897331178,about,about
198,p09,198,48, 'o' 'u',0.4800225340295583,about,about
199,p09,199,48, 'u' 't',0.07205157302087173,about,about
200,p09,200,49,'t' 'i',0.05604467395460233,tithe,tithe
201,p09,201,49, 'i' 't',0.09597835503518581,tithe,tithe
202,p09,202,49, 't' 'h',0.10400386597029865,tithe,tithe
203,p09,203,49, 'h' 'e',0.05607221304671839,tithe,tithe
204,p09,204,50,'k' 'r',0.10403278202284127,kremp,kremop
205,p09,205,50, 'r' 'e',0.1679579570190981,kremp,kremop
206,p09,206,50, 'e' 'm',0.18399876897456124,kremp,kremop
207,p09,207,50, 'm' 'o',0.17601782601559535,kremp,kremop
208,p09,208,50, 'o' 'p',0.0,kremp,kremop
209,p09,209,51,'h' 'a',0.08799395797541365,haole,haole
210,p09,210,51, 'a' 'o',0.2080786080332473,haole,haole
211,p09,211,51, 'o' 'l',0.4239152880036272,haole,haole
212,p09,212,51, 'l' 'e',0.06402646697824821,haole,haole
213,p09,213,52,'h' 'e',0.08005498896818608,heond,heond
214,p09,214,52, 'e' 'o',0.1839552460005507,heond,heond
215,p09,215,52, 'o' 'n',0.191991689032875,heond,heond
216,p09,216,52, 'n' 'd',0.15999698400264606,heond,heond
217,p09,217,53,'w' 'o',0.11996100703254342,would,would
218,p09,218,53, 'o' 'u',0.1760008609853685,would,would
219,p09,219,53, 'u' 'l',0.4319640489993617,would,would
220,p09,220,53, 'l' 'd',0.27205930202035233,would,would
221,p09,221,54,'b' 'u',0.32797892903909087,buddy,buddy
222,p09,222,54, 'u' 'd',0.3040126389823854,buddy,buddy
223,p09,223,54, 'd' 'd',0.16000592499040067,buddy,buddy
224,p09,224,54, 'd' 'y',0.08797454898012802,buddy,buddy
225,p09,225,55,'l' 'u',0.23199937300523743,lucky,lucky
226,p09,226,55, 'u' 'c',0.37599382700864226,lucky,lucky
227,p09,227,55, 'c' 'k',0.07203035400016233,lucky,lucky
228,p09,228,55, 'k' 'y',0.35197281098226085,lucky,lucky
229,p09,229,56,'c' 'h',0.14401319297030568,champ,champ
230,p09,230,56, 'h' 'a',0.28799762501148507,champ,champ
231,p09,231,56, 'a' 'm',0.11991268198471516,champ,champ
232,p09,232,56, 'm' 'p',0.3920583120197989,champ,champ
233,p09,233,57,'v' 'o',0.07997112401062623,vodka,vodkas
234,p09,234,57, 'o' 'd',0.2560528100002557,vodka,vodkas
235,p09,235,57, 'd' 'k',0.1199601489934139,vodka,vodkas
236,p09,236,57, 'k' 'a',0.08799014904070646,vodka,vodkas
237,p09,237,57, 'a' 's',0.007994616986252367,vodka,vodkas
238,p09,238,58,'f' 'a',0.13597169099375606,faqir,faqir
239,p09,239,58, 'a' 'q',0.4640044610132463,faqir,faqir
240,p09,240,58, 'q' 'i',0.10399988800054416,faqir,faqir
241,p09,241,58, 'i' 'r',0.18403066002065316,faqir,faqir
242,p09,242,59,'h' 'e',0.08804874401539564,heond,heond
243,p09,243,59, 'e' 'o',0.1199527729768306,heond,heond
244,p09,244,59, 'o' 'n',0.48004496400244534,heond,heond
245,p09,245,59, 'n' 'd',0.08805519196903333,heond,heond
246,p09,246,60,'a' 'b',0.08801458001835272,about,about
247,p09,247,60, 'b' 'o',0.23994498798856512,about,about
248,p09,248,60, 'o' 'u',0.27204476902261376,about,about
249,p09,249,60, 'u' 't',0.11196510394802317,about,about
250,p09,250,61,'b' 'e',0.0880338090355508,belly,belly
251,p09,251,61, 'e' 'l',0.15995748597197235,belly,belly
252,p09,252,61, 'l' 'l',0.16799973300658166,belly,belly
253,p09,253,61, 'l' 'y',0.10400692303664982,belly,belly
254,p09,254,62,'h' 'e',0.07195258204592392,heond,heond
255,p09,255,62, 'e' 'o',0.11201181798242033,heond,heond
256,p09,256,62, 'o' 'n',0.22395309200510383,heond,heond
257,p09,257,62, 'n' 'd',0.08805462799500674,heond,heond
258,p09,258,63,'p' 'y',0.28794950898736715,pykka,pykka
259,p09,259,63, 'y' 'k',0.3999963100068271,pykka,pykka
260,p09,260,63, 'k' 'k',0.13608118501724675,pykka,pykka
261,p09,261,63, 'k' 'a',0.08803853200515732,pykka,pykka
262,p09,262,64,'c' 'o',0.11196948302676901,cooed,cooed
263,p09,263,64, 'o' 'o',0.12804269598564133,cooed,cooed
264,p09,264,64, 'o' 'e',0.06395959603833035,cooed,cooed
265,p09,265,64, 'e' 'd',0.17604408896295354,cooed,cooed
266,p09,266,65,'l' 'u',0.4239579260465689,lucky,lucky
267,p09,267,65, 'u' 'c',0.08004987798631191,lucky,lucky
268,p09,268,65, 'c' 'k',0.1359847779967822,lucky,lucky
269,p09,269,65, 'k' 'y',0.2640149799990468,lucky,lucky
270,p09,270,66,'v' 'o',0.07201089401496574,vodka,vodka
271,p09,271,66, 'o' 'd',0.12001855595735833,vodka,vodka
272,p09,272,66, 'd' 'k',0.29608149599516764,vodka,vodka
273,p09,273,66, 'k' 'a',0.07188945403322577,vodka,vodka
274,p09,274,67,'z' 'i',0.08000719698611647,zibja,zibja
275,p09,275,67, 'i' 'b',0.23200866399565712,zibja,zibja
276,p09,276,67, 'b' 'j',0.4720047760056332,zibja,zibja
277,p09,277,67, 'j' 'a',0.0720003159949556,zibja,zibja
278,p09,278,68,'k' 'r',0.19197194202570245,kremp,kremp
279,p09,279,68, 'r' 'e',0.1759831560193561,kremp,kremp
280,p09,280,68, 'e' 'm',0.23999926098622382,kremp,kremp
281,p09,281,68, 'm' 'p',0.17606376198818907,kremp,kremp
282,p09,282,69,'f' 'a',0.26405415998306125,faqir,faqir
283,p09,283,69, 'a' 'q',0.4399496850091964,faqir,faqir
284,p09,284,69, 'q' 'i',0.16004878003150225,faqir,faqir
285,p09,285,69, 'i' 'r',0.1279623819864355,faqir,faqir
286,p09,286,70,'e' 'd',0.21590315096545964,edthe,edthe
287,p09,287,70, 'd' 't',0.2400012090220116,edthe,edthe
288,p09,288,70, 't' 'h',0.08004006301052868,edthe,edthe
289,p09,289,70, 'h' 'e',0.07999506196938455,edthe,edthe
290,p09,290,71,'b' 'u',0.1919955460471101,buddy,buddy
291,p09,291,71, 'u' 'd',0.22403776698047295,buddy,buddy
292,p09,292,71, 'd' 'd',0.1440176889882423,buddy,buddy
293,p09,293,71, 'd' 'y',0.08803877799073234,buddy,buddy
294,p09,294,72,'f' 'a',0.08006680599646643,faqir,faqir
295,p09,295,72, 'a' 'q',0.19197971001267433,faqir,faqir
296,p09,296,72, 'q' 'i',0.2320086379768327,faqir,faqir
297,p09,297,72, 'i' 'r',0.09593751601641998,faqir,faqir
298,p09,298,73,'e' 'd',0.1839328350033611,edthe,edthe
299,p09,299,73, 'd' 't',0.22399898600997403,edthe,edthe
300,p09,300,73, 't' 'h',0.08008462801808491,edthe,edthe
301,p09,301,73, 'h' 'e',0.07991756696719676,edthe,edthe
302,p09,302,74,'c' 'o',0.1520080689806491,cooed,cooed
303,p09,303,74, 'o' 'o',0.16804712102748454,cooed,cooed
304,p09,304,74, 'o' 'e',0.04794243996730074,cooed,cooed
305,p09,305,74, 'e' 'd',0.2080602280329913,cooed,cooed
306,p09,306,75,'c' 'h',0.11200815200572833,champ,champ
307,p09,307,75, 'h' 'a',0.1440523720229976,champ,champ
308,p09,308,75, 'a' 'm',0.27194587799021974,champ,champ
309,p09,309,75, 'm' 'p',0.3200561670237221,champ,champ
310,p09,310,76,'v' 'a',0.20812077802838758,vanru,vanru
311,p09,311,76, 'a' 'n',0.3039297229843214,vanru,vanru
312,p09,312,76, 'n' 'r',0.6159883139771409,vanru,vanru
313,p09,313,76, 'r' 'u',0.16798078001011163,vanru,vanru
314,p09,314,77,'p' 'u',0.24799031199654564,puppy,puppy
315,p09,315,77, 'u' 'p',0.32805056998040527,puppy,puppy
316,p09,316,77, 'p' 'p',0.18400321499211714,puppy,puppy
317,p09,317,77, 'p' 'y',0.11199661804130301,puppy,puppy
318,p09,318,78,'a' 'b',0.09599958901526406,about,about
319,p09,319,78, 'b' 'o',0.22400239197304472,about,about
320,p09,320,78, 'o' 'u',0.4080817610374652,about,about
321,p09,321,78, 'u' 't',0.07191929098917171,about,about
322,p09,322,79,'d' 'r',0.21597880602348596,druze,druxe
323,p09,323,79, 'r' 'u',0.1519599289749749,druze,druxe
324,p09,324,79, 'u' 'x',0.4159743600175716,druze,druxe
325,p09,325,79, 'x' 'e',0.632089645951055,druze,druxe
326,p09,326,80,'b' 'e',0.07994462002534419,belly,belly
327,p09,327,80, 'e' 'l',0.20000186702236533,belly,belly
328,p09,328,80, 'l' 'l',0.14400690596085042,belly,belly
329,p09,329,80, 'l' 'y',0.10403279104502872,belly,belly
330,p09,330,81,'p' 'u',0.2720282039954327,puppy,puppy
331,p09,331,81, 'u' 'p',0.28800242400029674,puppy,puppy
332,p09,332,81, 'p' 'p',0.1600179829983972,puppy,puppy
333,p09,333,81, 'p' 'y',0.1599633659934625,puppy,puppy
334,p09,334,82,'p' 'y',0.22395882598357275,pykka,pykka
335,p09,335,82, 'y' 'k',0.4160051590297371,pykka,pykka
336,p09,336,82, 'k' 'k',0.13605730299605057,pykka,pykka
337,p09,337,82, 'k' 'a',0.04799078498035669,pykka,pykka
338,p09,338,83,'t' 'h',0.11198345600860193,theme,theme
339,p09,339,83, 'h' 'e',0.07201639597769827,theme,theme
340,p09,340,83, 'e' 'm',0.295998479006812,theme,theme
341,p09,341,83, 'm' 'e',0.040056687023025006,theme,theme
342,p09,342,84,'c' 'h',0.09589722100645304,cheer,cheer
343,p09,343,84, 'h' 'e',0.08008975494885817,cheer,cheer
344,p09,344,84, 'e' 'e',0.16799092100700364,cheer,cheer
345,p09,345,84, 'e' 'r',0.15994690003572032,cheer,cheer
346,p09,346,85,'p' 'y',0.2639976419741288,pykka,pykka
347,p09,347,85, 'y' 'k',0.4159867879934609,pykka,pykka
348,p09,348,85, 'k' 'k',0.13603878498543054,pykka,pykka
349,p09,349,85, 'k' 'a',0.06396653602132574,pykka,pykka
350,p09,350,86,'d' 'r',0.19999750598799437,druze,druze
351,p09,351,86, 'r' 'u',0.10404484899481758,druze,druze
352,p09,352,86, 'u' 'z',0.35202641203068197,druze,druze
353,p09,353,86, 'z' 'e',0.19997931900434196,druze,druze
354,p09,354,87,'v' 'a',0.1600914080045186,vanru,vanru
355,p09,355,87, 'a' 'n',0.11190446000546217,vanru,vanru
356,p09,356,87, 'n' 'r',0.3039888990460895,vanru,vanru
357,p09,357,87, 'r' 'u',0.07205326698021963,vanru,vanru
358,p09,358,88,'p' 'y',0.24794599798042327,pykka,pykka
359,p09,359,88, 'y' 'k',0.3760344900074415,pykka,pykka
360,p09,360,88, 'k' 'k',0.14395997597603127,pykka,pykka
361,p09,361,88, 'k' 'a',0.08001888403669,pykka,pykka
362,p09,362,89,'e' 'd',0.21601993398508057,edthe,edthe
363,p09,363,89, 'd' 't',0.3279800270101987,edthe,edthe
364,p09,364,89, 't' 'h',0.07999430899508297,edthe,edthe
365,p09,365,89, 'h' 'e',0.11200316599570215,edthe,edthe
366,p09,366,90,'l' 'u',0.208061026991345,lucky,lucjy
367,p09,367,90, 'u' 'c',0.29605296795489267,lucky,lucjy
368,p09,368,90, 'c' 'j',0.11993886902928352,lucky,lucjy
369,p09,369,90, 'j' 'y',0.5119939770083874,lucky,lucjy
370,p09,370,91,'t' 'h',0.0800308549660258,theme,theme
371,p09,371,91, 'h' 'e',0.1039930289844051,theme,theme
372,p09,372,91, 'e' 'm',0.2960125940153375,theme,theme
373,p09,373,91, 'm' 'e',0.07190672401338816,theme,theme
374,p09,374,92,'w' 'o',0.6959820269839838,would,would
375,p09,375,92, 'o' 'u',0.25601590296719223,would,would
376,p09,376,92, 'u' 'l',0.28806209604954347,would,would
377,p09,377,92, 'l' 'd',0.2079497019876726,would,would
378,p09,378,93,'b' 'e',0.08003595401532948,belly,belly
379,p09,379,93, 'e' 'l',0.14390750299207866,belly,belly
380,p09,380,93, 'l' 'l',0.16800450201844797,belly,belly
381,p09,381,93, 'l' 'y',0.0480026769801043,belly,belly
382,p09,382,94,'t' 'i',0.0640309730079025,tithe,tithe
383,p09,383,94, 'i' 't',0.10391525900922716,tithe,tithe
384,p09,384,94, 't' 'h',0.09606009296840057,tithe,tithe
385,p09,385,94, 'h' 'e',0.04799850098788738,tithe,tithe
386,p09,386,95,'c' 'h',0.09597893303725868,cheer,cheer
387,p09,387,95, 'h' 'e',0.0799637750023976,cheer,cheer
388,p09,388,95, 'e' 'e',0.1760697209974751,cheer,cheer
389,p09,389,95, 'e' 'r',0.15998723596567288,cheer,cheer
390,p09,390,96,'t' 'h',0.08801423094701022,theme,theme
391,p09,391,96, 'h' 'e',0.08803568803705275,theme,theme
392,p09,392,96, 'e' 'm',0.2399826319888234,theme,theme
393,p09,393,96, 'm' 'e',0.056010312982834876,theme,theme
394,p09,394,97,'w' 'o',0.09593599295476452,would,would
395,p09,395,97, 'o' 'u',0.1600045050145127,would,would
396,p09,396,97, 'u' 'l',0.3120026540127583,would,would
397,p09,397,97, 'l' 'd',0.2160633800085634,would,would
398,p09,398,98,'z' 'i',0.08807118597906083,zibja,zibja
399,p09,399,98, 'i' 'b',0.20793927001068369,zibja,zibja
400,p09,400,98, 'b' 'j',0.2000781330280006,zibja,zibja
401,p09,401,98, 'j' 'a',0.06394319597166032,zibja,zibja
402,p09,402,99,'t' 'h',0.06395851500565186,theme,theme
403,p09,403,99, 'h' 'e',0.1280682620126754,theme,theme
404,p09,404,99, 'e' 'm',0.32003048999467865,theme,theme
405,p09,405,99, 'm' 'e',0.14390702499076724,theme,theme
406,p09,406,100,'e' 'd',0.2000015430385247,edthe,edthe
407,p09,407,100, 'd' 't',0.20800105098169297,edthe,edthe
408,p09,408,100, 't' 'h',0.07208636600989848,edthe,edthe
409,p09,409,100, 'h' 'e',0.10391460900427774,edthe,edthe
410,p09,410,101,'t' 'h',0.0720426999614574,theme,theme
411,p09,411,101, 'h' 'e',0.1279518340015784,theme,theme
412,p09,412,101, 'e' 'm',0.3040764750330709,theme,theme
413,p09,413,101, 'm' 'e',0.07192941196262836,theme,theme
414,p09,414,102,'v' 'o',0.09605775197269395,vodka,vodka
415,p09,415,102, 'o' 'd',0.16794282000046223,vodka,vodka
416,p09,416,102, 'd' 'k',0.22400991298491135,vodka,vodka
417,p09,417,102, 'k' 'a',0.0960033269948326,vodka,vodka
418,p09,418,103,'l' 'u',0.24799150798935443,lucky,lucky
419,p09,419,103, 'u' 'c',0.31199495802866295,lucky,lucky
420,p09,420,103, 'c' 'k',0.1280617379816249,lucky,lucky
421,p09,421,103, 'k' 'y',0.2960057379677892,lucky,lucky
422,p09,422,104,'z' 'i',0.09606853302102536,zibja,zibja
423,p09,423,104, 'i' 'b',0.23176791198784485,zibja,zibja
424,p09,424,104, 'b' 'j',0.18401393800741062,zibja,zibja
425,p09,425,104, 'j' 'a',0.087955815019086,zibja,zibja
426,p09,426,105,'t' 'h',0.07998467597644776,there,there
427,p09,427,105, 'h' 'e',0.11205892899306491,there,there
428,p09,428,105, 'e' 'r',0.23994398704962805,there,there
429,p09,429,105, 'r' 'e',0.37604727898724377,there,there
430,p09,430,106,'c' 'h',0.0798434290336445,cheer,cheer
431,p09,431,106, 'h' 'e',0.16800910799065605,cheer,cheer
432,p09,432,106, 'e' 'e',0.16803917102515697,cheer,cheer
433,p09,433,106, 'e' 'r',0.16794982797000557,cheer,cheer
434,p09,434,107,'d' 'r',0.22406152001349255,druze,druze
435,p09,435,107, 'r' 'u',0.159950322995428,druze,druze
436,p09,436,107, 'u' 'z',0.31994537595892325,druze,druze
437,p09,437,107, 'z' 'e',0.22403257200494409,druze,druze
438,p09,438,108,'h' 'e',0.07203094800934196,heond,heond
439,p09,439,108, 'e' 'o',0.1199638299876824,heond,heond
440,p09,440,108, 'o' 'n',0.1840708059608005,heond,heond
441,p09,441,108, 'n' 'd',0.07997530105058104,heond,heond
442,p09,442,109,'h' 'a',0.10406316700391471,haole,haole
443,p09,443,109, 'a' 'o',0.14392565097659826,haole,haole
444,p09,444,109, 'o' 'l',0.18400021502748132,haole,haole
445,p09,445,109, 'l' 'e',0.06399812799645588,haole,haole
446,p09,446,110,'l' 'u',0.2239564949995838,lucky,lucky
447,p09,447,110, 'u' 'c',0.3440170169924386,lucky,lucky
448,p09,448,110, 'c' 'k',0.08008547400822863,lucky,lucky
449,p09,449,110, 'k' 'y',0.18389682500855997,lucky,lucky
450,p09,450,111,'d' 'r',0.1919500800431706,druze,druze
451,p09,451,111, 'r' 'u',0.09600703994510695,druze,druze
452,p09,452,111, 'u' 'z',0.33600419003050774,druze,druze
453,p09,453,111, 'z' 'e',0.2160415289690718,druze,druze
454,p09,454,112,'t' 'h',0.07205355196492746,think,think
455,p09,455,112, 'h' 'i',0.19212370400782675,think,think
456,p09,456,112, 'i' 'n',0.1998643180122599,think,think
457,p09,457,112, 'n' 'k',0.144014795019757,think,think
458,p09,458,113,'h' 'a',0.11197529901983216,haole,haole
459,p09,459,113, 'a' 'o',0.10400597401894629,haole,haole
460,p09,460,113, 'o' 'l',0.21600884397048503,haole,haole
461,p09,461,113, 'l' 'e',0.040016461978666484,haole,haole
462,p09,462,114,'t' 'h',0.08795051602646708,there,there
463,p09,463,114, 'h' 'e',0.07999227795517072,there,there
464,p09,464,114, 'e' 'r',0.19194500101730227,there,there
465,p09,465,114, 'r' 'e',0.15200975799234584,there,there
466,p09,466,115,'v' 'o',0.11194126098416746,vodka,vodksa
467,p09,467,115, 'o' 'd',0.6160378970089369,vodka,vodksa
468,p09,468,115, 'd' 'k',0.08796194102615118,vodka,vodksa
469,p09,469,115, 'k' 's',0.09603561297990382,vodka,vodksa
470,p09,470,115, 's' 'a',0.007916147995274514,vodka,vodksa
471,p09,471,116,'h' 'a',0.06400071398820728,haole,haole
472,p09,472,116, 'a' 'o',0.16795248404378071,haole,haole
473,p09,473,116, 'o' 'l',0.1760117849917151,haole,haole
474,p09,474,116, 'l' 'e',0.06405533896759152,haole,haole
475,p09,475,117,'t' 'h',0.07197400403674692,there,there
476,p09,476,117, 'h' 'e',0.12000869197072461,there,there
477,p09,477,117, 'e' 'r',0.24806610902305692,there,there
478,p09,478,117, 'r' 'e',0.1679306739824824,there,there
479,p09,479,118,'c' 'h',0.11201221100054681,champ,champ
480,p09,480,118, 'h' 'a',0.11195185303222388,champ,champ
481,p09,481,118, 'a' 'm',0.1600830169627443,champ,champ
482,p09,482,118, 'm' 'p',0.2559348150389269,champ,champ
483,p09,483,119,'t' 'h',0.07200145797105506,therm,therm
484,p09,484,119, 'h' 'e',0.1360566660296172,therm,therm
485,p09,485,119, 'e' 'r',0.20000521000474691,therm,therm
486,p09,486,119, 'r' 'm',0.15194307296769693,therm,therm
487,p09,487,120,'e' 'd',0.22391037101624534,edthe,edthe
488,p09,488,120, 'd' 't',0.22403364296769723,edthe,edthe
489,p09,489,120, 't' 'h',0.08794998098164797,edthe,edthe
490,p09,490,120, 'h' 'e',0.06405988801270723,edthe,edthe
491,p09,491,121,'c' 'o',0.1280414559878409,cooed,cooed
492,p09,492,121, 'o' 'o',0.16796305601019412,cooed,cooed
493,p09,493,121, 'o' 'e',0.04809185100020841,cooed,cooed
494,p09,494,121, 'e' 'd',0.15994438400957733,cooed,cooed
495,p09,495,122,'w' 'o',0.13599813100881875,would,would
496,p09,496,122, 'o' 'u',0.16805274999933317,would,would
497,p09,497,122, 'u' 'l',0.42394381295889616,would,would
498,p09,498,122, 'l' 'd',0.07200752903008834,would,would
499,p09,499,123,'t' 'i',0.11992809199728072,tithe,tithe
500,p09,500,123, 'i' 't',0.0960088919964619,tithe,tithe
501,p09,501,123, 't' 'h',0.11198644200339913,tithe,tithe
502,p09,502,123, 'h' 'e',0.08005783898988739,tithe,tithe
503,p09,503,124,'c' 'h',0.11198853200767189,champ,chamo
504,p09,504,124, 'h' 'a',0.07994180195964873,champ,chamo
505,p09,505,124, 'a' 'm',0.1839989009895362,champ,chamo
506,p09,506,124, 'm' 'o',0.20000131701817736,champ,chamo
507,p09,507,125,'p' 'u',0.23202456498984247,puppy,puppy
508,p09,508,125, 'u' 'p',0.28792629996314645,puppy,puppy
509,p09,509,125, 'p' 'p',0.1760832990403287,puppy,puppy
510,p09,510,125, 'p' 'y',0.11996633798116818,puppy,puppy
511,p09,511,126,'t' 'h',0.047989993006922305,think,think
512,p09,512,126, 'h' 'i',0.19200546701904386,think,think
513,p09,513,126, 'i' 'n',0.17599920800421387,think,think
514,p09,514,126, 'n' 'k',0.13599785597762093,think,think
515,p09,515,127,'v' 'o',0.10408325697062537,vodka,vodka
516,p09,516,127, 'o' 'd',0.4000517380191013,vodka,vodka
517,p09,517,127, 'd' 'k',0.19194364099530503,vodka,vodka
518,p09,518,127, 'k' 'a',0.07192255201516673,vodka,vodka
519,p09,519,128,'d' 'r',0.19998868001857772,druze,druze
520,p09,520,128, 'r' 'u',0.20794968795962632,druze,druze
521,p09,521,128, 'u' 'z',0.3040227059973404,druze,druze
522,p09,522,128, 'z' 'e',0.22398258204339072,druze,druze
523,p09,523,129,'h' 'e',0.08799072197871283,heond,heond
524,p09,524,129, 'e' 'o',0.10400932200718671,heond,heond
525,p09,525,129, 'o' 'n',0.21599547803634778,heond,heond
526,p09,526,129, 'n' 'd',0.08801481797127053,heond,heond
527,p09,527,130,'t' 'h',0.04798739997204393,therm,therm
528,p09,528,130, 'h' 'e',0.14404833200387657,therm,therm
529,p09,529,130, 'e' 'r',0.16801981697790325,therm,therm
530,p09,530,130, 'r' 'm',0.12803077802527696,therm,therm
531,p09,531,131,'a' 'b',0.11201156495371833,about,about
532,p09,532,131, 'b' 'o',0.21599476999836043,about,about
533,p09,533,131, 'o' 'u',0.3360747880069539,about,about
534,p09,534,131, 'u' 't',0.11995293502695858,about,about
535,p09,535,132,'c' 'o',0.15200863603968173,cooed,cooed
536,p09,536,132, 'o' 'o',0.16804735496407375,cooed,cooed
537,p09,537,132, 'o' 'e',0.06395069201244041,cooed,cooed
538,p09,538,132, 'e' 'd',0.6880051040207036,cooed,cooed
539,p09,539,133,'k' 'r',0.11205283901654184,kremp,kremp
540,p09,540,133, 'r' 'e',0.17594422097317874,kremp,kremp
541,p09,541,133, 'e' 'm',0.2400665869936347,kremp,kremp
542,p09,542,133, 'm' 'p',0.25593092100461945,kremp,kremp
543,p09,543,134,'h' 'a',0.07202610099921003,haole,haole
544,p09,544,134, 'a' 'o',0.14397602702956647,haole,haole
545,p09,545,134, 'o' 'l',0.16801246197428554,haole,haole
546,p09,546,134, 'l' 'e',0.0799767060088925,haole,haole
547,p09,547,135,'b' 'd',0.2559340769657865,buddy,bduddy
548,p09,548,135, 'd' 'u',0.9839896840276197,buddy,bduddy
549,p09,549,135, 'u' 'd',0.0959924139897339,buddy,bduddy
550,p09,550,135, 'd' 'd',0.1520361009752378,buddy,bduddy
551,p09,551,135, 'd' 'y',0.055972483998630196,buddy,bduddy
552,p09,552,136,'z' 'i',0.07197029097005725,zibja,zibja
553,p09,553,136, 'i' 'b',0.20000279298983514,zibja,zibja
554,p09,554,136, 'b' 'j',0.3839984550140798,zibja,zibja
555,p09,555,136, 'j' 'a',0.05609636002918705,zibja,zibja
556,p09,556,137,'c' 'o',0.10403616301482543,cooed,cooed
557,p09,557,137, 'o' 'o',0.15197875601006672,cooed,cooed
558,p09,558,137, 'o' 'e',0.0479630819754675,cooed,cooed
559,p09,559,137, 'e' 'd',0.15999898698646575,cooed,cooed
560,p09,560,138,'h' 'a',0.07995447999564931,haole,haole
561,p09,561,138, 'a' 'o',0.14399175596190616,haole,haole
562,p09,562,138, 'o' 'l',0.17604708403814584,haole,haole
563,p09,563,138, 'l' 'e',0.06399195099947974,haole,haole
564,p09,564,139,'v' 'a',0.09605870797531679,vanru,vanru
565,p09,565,139, 'a' 'n',0.1039460829924792,vanru,vanru
566,p09,566,139, 'n' 'r',0.3760111950105056,vanru,vanru
567,p09,567,139, 'r' 'u',0.055992186011280864,vanru,vanru
568,p09,568,140,'c' 'h',0.1920258310274221,cheer,cheer
569,p09,569,140, 'h' 'e',0.08798591699451208,cheer,cheer
570,p09,570,140, 'e' 'e',0.15999995701713488,cheer,cheer
571,p09,571,140, 'e' 'r',0.17598595999879763,cheer,cheer
572,p09,572,141,'f' 'a',0.09602915699360892,faqir,faqir
573,p09,573,141, 'a' 'q',0.49598052800865844,faqir,faqir
574,p09,574,141, 'q' 'i',0.2640325580141507,faqir,faqir
575,p09,575,141, 'i' 'r',0.11995176697382703,faqir,faqir
576,p09,576,142,'t' 'h',0.07202521001454443,think,think
577,p09,577,142, 'h' 'i',0.1919488370185718,think,think
578,p09,578,142, 'i' 'n',0.22409335698466748,think,think
579,p09,579,142, 'n' 'k',0.18389453401323408,think,think
580,p09,580,143,'p' 'u',0.25597556499997154,puppy,puppy
581,p09,581,143, 'u' 'p',0.2559712729998864,puppy,puppy
582,p09,582,143, 'p' 'p',0.17599930305732414,puppy,puppy
583,p09,583,143, 'p' 'y',0.20003209094284102,puppy,puppy
584,p09,584,144,'e' 'd',0.24800174200208858,edthe,edthe
585,p09,585,144, 'd' 't',0.23994856898207217,edthe,edthe
586,p09,586,144, 't' 'h',0.0800183920073323,edthe,edthe
587,p09,587,144, 'h' 'e',0.07203416200354695,edthe,edthe
588,p09,588,145,'l' 'u',0.2639894430176355,lucky,lucky
589,p09,589,145, 'u' 'c',0.39208103698911145,lucky,lucky
590,p09,590,145, 'c' 'k',0.28797779098385945,lucky,lucky
591,p09,591,145, 'k' 'y',0.5439399280003272,lucky,lucky
592,p09,592,146,'v' 'a',0.07996674597961828,vanru,vanru
593,p09,593,146, 'a' 'n',0.10402818099828437,vanru,vanru
594,p09,594,146, 'n' 'r',0.159968487045262,vanru,vanru
595,p09,595,146, 'r' 'u',0.1280085039907135,vanru,vanru
596,p09,596,147,'z' 'i',0.47199435299262404,zibja,zibja
597,p09,597,147, 'i' 'b',0.15997259999858215,zibja,zibja
598,p09,598,147, 'b' 'j',0.23198190703988075,zibja,zibja
599,p09,599,147, 'j' 'a',0.09599891095422208,zibja,zibja
600,p09,600,148,'c' 'o',0.08798297302564606,cooed,cooed
601,p09,601,148, 'o' 'o',0.16806041996460408,cooed,cooed
602,p09,602,148, 'o' 'e',0.0479720089933835,cooed,cooed
603,p09,603,148, 'e' 'd',0.18397896300302818,cooed,cooed
604,p09,604,149,'v' 'a',0.19206596200820059,vanru,vanru
605,p09,605,149, 'a' 'n',0.15193193400045857,vanru,vanru
606,p09,606,149, 'n' 'r',0.30398296198109165,vanru,vanru
607,p09,607,149, 'r' 'u',0.10403232398675755,vanru,vanru
608,p09,608,150,'c' 'h',0.11999475897755474,champ,champ
609,p09,609,150, 'h' 'a',0.08008976303972304,champ,champ
610,p09,610,150, 'a' 'm',0.18394290999276564,champ,champ
611,p09,611,150, 'm' 'p',0.4719778239959851,champ,champ
612,p09,612,151,'p' 'y',0.2799491290352307,pykka,pykka
613,p09,613,151, 'y' 'k',0.38406191096873954,pykka,pykka
614,p09,614,151, 'k' 'k',0.17594017001101747,pykka,pykka
615,p09,615,151, 'k' 'a',0.07200351799838245,pykka,pykka
616,p09,616,152,'b' 'u',0.21600098902126774,buddy,buddy
617,p09,617,152, 'u' 'd',0.24796010798308998,buddy,buddy
618,p09,618,152, 'd' 'd',0.16803119500400499,buddy,buddy
619,p09,619,152, 'd' 'y',0.09603503003017977,buddy,buddy
620,p09,620,153,'c' 'o',0.1119991400046274,cooed,cooed
621,p09,621,153, 'o' 'o',0.14401065197307616,cooed,cooed
622,p09,622,153, 'o' 'e',0.06400199502240866,cooed,cooed
623,p09,623,153, 'e' 'd',0.16809345298679546,cooed,cooed
624,p09,624,154,'t' 'h',0.07205508399056271,theme,theme
625,p09,625,154, 'h' 'e',0.11990087601589039,theme,theme
626,p09,626,154, 'e' 'm',0.2800089869997464,theme,theme
627,p09,627,154, 'm' 'e',0.06404013303108513,theme,theme
628,p09,628,155,'c' 'h',0.08006013598060235,cheer,cheer
629,p09,629,155, 'h' 'e',0.09599003597395495,cheer,cheer
630,p09,630,155, 'e' 'e',0.15995877503883094,cheer,cheer
631,p09,631,155, 'e' 'r',0.17603792698355392,cheer,cheer
632,p09,632,156,'e' 'd',0.16805894899880514,edthe,edthe
633,p09,633,156, 'd' 't',0.2320960410288535,edthe,edthe
634,p09,634,156, 't' 'h',0.08786008000606671,edthe,edthe
635,p09,635,156, 'h' 'e',0.07194735499797389,edthe,edthe
636,p09,636,157,'l' 'u',0.20794552098959684,lucky,lucky
637,p09,637,157, 'u' 'c',0.31203337997430936,lucky,lucky
638,p09,638,157, 'c' 'k',0.08001386601245031,lucky,lucky
639,p09,639,157, 'k' 'y',0.25597644702065736,lucky,lucky
640,p09,640,158,'t' 'h',0.06405111803906038,think,think
641,p09,641,158, 'h' 'i',0.19200238696066663,think,think
642,p09,642,158, 'i' 'n',0.21598632604582235,think,think
643,p09,643,158, 'n' 'k',0.2399620579672046,think,think
644,p09,644,159,'l' 'u',0.20004934701137245,lucky,luckuy
645,p09,645,159, 'u' 'c',0.3599183490150608,lucky,luckuy
646,p09,646,159, 'c' 'k',0.07200816698605195,lucky,luckuy
647,p09,647,159, 'k' 'u',0.20808433601632714,lucky,luckuy
648,p09,648,159, 'u' 'y',1.2719219669816084,lucky,luckuy
649,p09,649,160,'f' 'a',0.05591675598407164,faqir,faqir
650,p09,650,160, 'a' 'q',0.43201569200027734,faqir,faqir
651,p09,651,160, 'q' 'i',0.15201715001603588,faqir,faqir
652,p09,652,160, 'i' 'r',0.12800034100655466,faqir,faqir
653,p09,653,161,'b' 'e',0.3520213899901137,belly,belly
654,p09,654,161, 'e' 'l',0.176053770002909,belly,belly
655,p09,655,161, 'l' 'l',0.13589462998788804,belly,belly
656,p09,656,161, 'l' 'y',0.12001926399534568,belly,belly
657,p09,657,162,'t' 'h',0.04010585998184979,there,theref
658,p09,658,162, 'h' 'e',0.11989756004186347,there,theref
659,p09,659,162, 'e' 'r',0.216006098955404,there,theref
660,p09,660,162, 'r' 'e',0.3040586610441096,there,theref
661,p09,661,162, 'e' 'f',0.3759439479908906,there,theref
662,p09,662,163,'v' 'o',0.11199607199523598,vodka,vodka
663,p09,663,163, 'o' 'd',0.45604671695036814,vodka,vodka
664,p09,664,163, 'd' 'k',0.3360262540518306,vodka,vodka
665,p09,665,163, 'k' 'a',0.055975578958168626,vodka,vodka
666,p09,666,164,'d' 'r',0.1677088210126385,druze,druze
667,p09,667,164, 'r' 'u',0.14400522800860927,druze,druze
668,p09,668,164, 'u' 'z',0.2640483859577216,druze,druze
669,p09,669,164, 'z' 'e',0.20000939699821174,druze,druze
670,p09,670,165,'t' 'h',0.08793679298833013,there,there
671,p09,671,165, 'h' 'e',0.10400486103026196,there,there
672,p09,672,165, 'e' 'r',0.20804446400143206,there,there
673,p09,673,165, 'r' 'e',0.1919557239743881,there,there
674,p09,674,166,'p' 'u',0.26401413802523166,puppy,puppy
675,p09,675,166, 'u' 'p',0.36801658797776327,puppy,puppy
676,p09,676,166, 'p' 'p',0.167970126029104,puppy,puppy
677,p09,677,166, 'p' 'y',0.13600282097468153,puppy,puppy
678,p09,678,167,'w' 'o',0.16800092300400138,would,would
679,p09,679,167, 'o' 'u',0.16802585095865652,would,would
680,p09,680,167, 'u' 'l',0.36002421303419396,would,would
681,p09,681,167, 'l' 'd',0.11200506798923016,would,would
682,p09,682,168,'t' 'h',0.07994691497879103,therm,therm
683,p09,683,168, 'h' 'e',0.12004272302147001,therm,therm
684,p09,684,168, 'e' 'r',0.16795392299536616,therm,therm
685,p09,685,168, 'r' 'm',0.14409243297996,therm,therm
686,p09,686,169,'t' 'h',0.0719518949626945,there,there
687,p09,687,169, 'h' 'e',0.10395781398983672,there,there
688,p09,688,169, 'e' 'r',0.20002379204379395,there,there
689,p09,689,169, 'r' 'e',0.16002329596085474,there,there
690,p09,690,170,'a' 'b',0.11205942399101332,about,about
691,p09,691,170, 'b' 'o',0.2079660259769298,about,about
692,p09,692,170, 'o' 'u',0.4639860200113617,about,about
693,p09,693,170, 'u' 't',0.0880350079969503,about,about
694,p09,694,171,'p' 'y',0.07995850499719381,pykka,pykksa
695,p09,695,171, 'y' 'k',0.17599892697762698,pykka,pykksa
696,p09,696,171, 'k' 'k',0.14402330201119184,pykka,pykksa
697,p09,697,171, 'k' 's',0.08797781000612304,pykka,pykksa
698,p09,698,171, 's' 'a',0.008058774983510375,pykka,pykksa
699,p09,699,172,'t' 'h',0.09592208097456023,therm,therm
700,p09,700,172, 'h' 'e',0.08800221502315253,therm,therm
701,p09,701,172, 'e' 'r',0.16808591998415068,therm,therm
702,p09,702,172, 'r' 'm',0.13602483202703297,therm,therm
703,p09,703,173,'w' 'o',0.19994818698614836,would,would
704,p09,704,173, 'o' 'u',0.17595110001275316,would,would
705,p09,705,173, 'u' 'l',0.3600069769890979,would,would
706,p09,706,173, 'l' 'd',0.09604403399862349,would,would
707,p09,707,174,'b' 'e',0.06400028499774635,belly,belly
708,p09,708,174, 'e' 'l',0.19206048897467554,belly,belly
709,p09,709,174, 'l' 'l',0.14398064999841154,belly,belly
710,p09,710,174, 'l' 'y',0.1999655329855159,belly,belly
711,p09,711,175,'w' 'o',0.143965179042425,would,would
712,p09,712,175, 'o' 'u',0.2880115279695019,would,would
713,p09,713,175, 'u' 'l',0.4319440000108443,would,would
714,p09,714,175, 'l' 'd',0.08004969998728484,would,would
715,p09,715,176,'a' 'b',0.10410251503344625,about,about
716,p09,716,176, 'b' 'o',0.2239412929629907,about,about
717,p09,717,176, 'o' 'u',0.24800715601304546,about,about
718,p09,718,176, 'u' 't',0.08794873702572659,about,about
719,p09,719,177,'w' 'o',0.12803715403424576,would,would
720,p09,720,177, 'o' 'u',0.23201329295989126,would,would
721,p09,721,177, 'u' 'l',0.31191883503925055,would,would
722,p09,722,177, 'l' 'd',0.11202885198872536,would,would
723,p09,723,178,'f' 'a',0.07995003199903294,faqir,faqir
724,p09,724,178, 'a' 'q',0.1920052039786242,faqir,faqir
725,p09,725,178, 'q' 'i',0.19999695901060477,faqir,faqir
726,p09,726,178, 'i' 'r',0.14403691998450086,faqir,faqir
727,p09,727,179,'h' 'a',0.08828078198712319,haole,haole
728,p09,728,179, 'a' 'o',0.17578490899177268,haole,haole
729,p09,729,179, 'o' 'l',0.18398680503014475,haole,haole
730,p09,730,179, 'l' 'e',0.06395833299029619,haole,haole
731,p09,731,180,'a' 'b',0.12797119101742283,about,about
732,p09,732,180, 'b' 'o',0.23998127301456407,about,about
733,p09,733,180, 'o' 'u',0.23995278897928074,about,about
734,p09,734,180, 'u' 't',0.11201462300959975,about,about
735,p09,735,181,'t' 'i',0.13611995900282636,tithe,tithe
736,p09,736,181, 'i' 't',0.07183128700125962,tithe,tithe
737,p09,737,181, 't' 'h',0.15201286697993055,tithe,tithe
738,p09,738,181, 'h' 'e',0.04002174799097702,tithe,tithe
739,p09,739,182,'z' 'i',0.07995477999793366,zibja,zibja
740,p09,740,182, 'i' 'b',0.18399806204251945,zibja,zibja
741,p09,741,182, 'b' 'j',0.27197770995553583,zibja,zibja
742,p09,742,182, 'j' 'a',0.09601974301040173,zibja,zibja
743,p09,743,183,'p' 'y',0.31201478198636323,pykka,pykka
744,p09,744,183, 'y' 'k',0.3839406329789199,pykka,pykka
745,p09,745,183, 'k' 'k',0.14401762001216412,pykka,pykka
746,p09,746,183, 'k' 'a',0.08807081799022853,pykka,pykka
747,p09,747,184,'b' 'u',0.1921459449804388,buddy,buddy
748,p09,748,184, 'u' 'd',0.24797383503755555,buddy,buddy
749,p09,749,184, 'd' 'd',0.17587823799112812,buddy,buddy
750,p09,750,184, 'd' 'y',0.1040284099872224,buddy,buddy
751,p09,751,185,'l' 'u',0.2559427840169519,lucky,lucky
752,p09,752,185, 'u' 'c',0.3360176259884611,lucky,lucky
753,p09,753,185, 'c' 'k',0.11198347003664821,lucky,lucky
754,p09,754,185, 'k' 'y',0.296051979996264,lucky,lucky
755,p09,755,186,'k' 'r',0.11179030797211453,kremp,kremp
756,p09,756,186, 'r' 'e',0.17598016804549843,kremp,kremp
757,p09,757,186, 'e' 'm',0.20802825095597655,kremp,kremp
758,p09,758,186, 'm' 'p',0.4319980800501071,kremp,kremp
759,p09,759,187,'l' 'u',0.22399757901439443,lucky,lucky
760,p09,760,187, 'u' 'c',0.34402468998450786,lucky,lucky
761,p09,761,187, 'c' 'k',0.08000760700087994,lucky,lucky
762,p09,762,187, 'k' 'y',0.3599930219934322,lucky,lucky
763,p09,763,188,'k' 'r',0.10397237597499043,kremp,kremp
764,p09,764,188, 'r' 'e',0.17604500200832263,kremp,kremp
765,p09,765,188, 'e' 'm',0.16001233301358297,kremp,kremp
766,p09,766,188, 'm' 'p',0.1919921090011485,kremp,kremp
767,p09,767,189,'b' 'e',0.1199384109931998,belly,belly
768,p09,768,189, 'e' 'l',0.13600856298580766,belly,belly
769,p09,769,189, 'l' 'l',0.18400463898433372,belly,belly
770,p09,770,189, 'l' 'y',0.14405599603196606,belly,belly
771,p09,771,190,'t' 'h',0.08003510400885716,theme,theme
772,p09,772,190, 'h' 'e',0.11198163696099073,theme,theme
773,p09,773,190, 'e' 'm',0.2799355980241671,theme,theme
774,p09,774,190, 'm' 'e',0.07205597800202668,theme,theme
775,p09,775,191,'c' 'h',0.12001048098318279,cheer,cheer
776,p09,776,191, 'h' 'e',0.07998594600940123,cheer,cheer
777,p09,777,191, 'e' 'e',0.16004249901743606,cheer,cheer
778,p09,778,191, 'e' 'r',0.16796558297937736,cheer,cheer
779,p09,779,192,'h' 'o',0.20804240903817117,heond,hoeond
780,p09,780,192, 'o' 'e',1.0799469939665869,heond,hoeond
781,p09,781,192, 'e' 'o',0.09602727502351627,heond,hoeond
782,p09,782,192, 'o' 'n',0.183951087994501,heond,hoeond
783,p09,783,192, 'n' 'd',0.0719830560265109,heond,hoeond
784,p09,784,193,'f' 'a',0.09600610204506665,faqir,faqie
785,p09,785,193, 'a' 'q',0.45599207194754854,faqir,faqie
786,p09,786,193, 'q' 'i',0.1040556050138548,faqir,faqie
787,p09,787,193, 'i' 'e',0.10398890601936728,faqir,faqie
788,p09,788,194,'t' 'h',0.055996623006649315,therm,therm
789,p09,789,194, 'h' 'e',0.09604894299991429,therm,therm
790,p09,790,194, 'e' 'r',0.16799739398993552,therm,therm
791,p09,791,194, 'r' 'm',0.2319985440117307,therm,therm
792,p09,792,195,'t' 'i',0.10399246704764664,tithe,tithe
793,p09,793,195, 'i' 't',0.08013023296371102,tithe,tithe
794,p09,794,195, 't' 'h',0.11986331903608516,tithe,tithe
795,p09,795,195, 'h' 'e',0.06401694100350142,tithe,tithe
796,p09,796,196,'z' 'i',0.08801484602736309,zibja,zibja
797,p09,797,196, 'i' 'b',0.19999763497617096,zibja,zibja
798,p09,798,196, 'b' 'j',0.22399881901219487,zibja,zibja
799,p09,799,196, 'j' 'a',0.04800107597839087,zibja,zibja
800,p09,800,197,'k' 'r',0.07995595003012568,kremp,kremp
801,p09,801,197, 'r' 'e',0.15207078697858378,kremp,kremp
802,p09,802,197, 'e' 'm',0.08006490400293842,kremp,kremp
803,p09,803,197, 'm' 'p',0.1438542099785991,kremp,kremp
804,p09,804,198,'v' 'o',0.07996500498848036,vodka,vodka
805,p09,805,198, 'o' 'd',0.41605349798919633,vodka,vodka
806,p09,806,198, 'd' 'k',0.15198728704126552,vodka,vodka
807,p09,807,198, 'k' 'a',0.07997245498700067,vodka,vodka
808,p09,808,199,'h' 'a',0.06395731796510518,haole,haole
809,p09,809,199, 'a' 'o',0.12005578400567174,haole,haole
810,p09,810,199, 'o' 'l',0.16796639299718663,haole,haole
811,p09,811,199, 'l' 'e',0.12810018501477316,haole,haole
812,p09,812,200,'c' 'h',0.08800557005451992,champ,champo
813,p09,813,200, 'h' 'a',0.11202723596943542,champ,champo
814,p09,814,200, 'a' 'm',0.12007442099275067,champ,champo
815,p09,815,200, 'm' 'p',0.18390796898165718,champ,champo
816,p09,816,200, 'p' 'o',0.008023681002669036,champ,champo
817,p09,817,201,'t' 'h',0.08003983902744949,theme,theme
818,p09,818,201, 'h' 'e',0.13590582401957363,theme,theme
819,p09,819,201, 'e' 'm',0.27205453196074814,theme,theme
820,p09,820,201, 'm' 'e',0.07194414699915797,theme,theme
821,p09,821,202,'t' 'h',0.0721494079916738,therm,therm
822,p09,822,202, 'h' 'e',0.1679312569904141,therm,therm
823,p09,823,202, 'e' 'r',0.23991782899247482,therm,therm
824,p09,824,202, 'r' 'm',0.112007318995893,therm,therm
825,p09,825,203,'c' 'h',0.10406236298149452,cheer,cheer
826,p09,826,203, 'h' 'e',0.07993523502955213,cheer,cheer
827,p09,827,203, 'e' 'e',0.16809434798778966,cheer,cheer
828,p09,828,203, 'e' 'r',0.16800922999391332,cheer,cheer
829,p09,829,204,'b' 'e',0.095988130022306,belly,belly
830,p09,830,204, 'e' 'l',0.15200263599399477,belly,belly
831,p09,831,204, 'l' 'l',0.18400143197504804,belly,belly
832,p09,832,204, 'l' 'y',0.09609417105093598,belly,belly
833,p09,833,205,'h' 'a',0.12794707698049024,haole,haole
834,p09,834,205, 'a' 'o',0.16004887502640486,haole,haole
835,p09,835,205, 'o' 'l',0.20796021295245737,haole,haole
836,p09,836,205, 'l' 'e',0.07200288900639862,haole,haole
837,p09,837,206,'b' 'u',0.18398569501005113,buddy,buddy
838,p09,838,206, 'u' 'd',0.22394878300838172,buddy,buddy
839,p09,839,206, 'd' 'd',0.16001062700524926,buddy,buddy
840,p09,840,206, 'd' 'y',0.09599397797137499,buddy,buddy
841,p09,841,207,'f' 'a',0.14410578599199653,faqir,faqir
842,p09,842,207, 'a' 'q',0.5119609499815851,faqir,faqir
843,p09,843,207, 'q' 'i',0.11995658301748335,faqir,faqir
844,p09,844,207, 'i' 'r',0.3040274049853906,faqir,faqir
845,p09,845,208,'k' 'r',0.09605394001118839,kremp,kremp
846,p09,846,208, 'r' 'e',0.15193296200595796,kremp,kremp
847,p09,847,208, 'e' 'm',0.13600846397457644,kremp,kremp
848,p09,848,208, 'm' 'p',0.30405336403055117,kremp,kremp
849,p09,849,209,'d' 'r',0.20801963901612908,druze,druze
850,p09,850,209, 'r' 'u',0.3759827909525484,druze,druze
851,p09,851,209, 'u' 'z',0.10400286200456321,druze,druze
852,p09,852,209, 'z' 'e',0.23199322004802525,druze,druze
853,p09,853,210,'a' 'b',0.063959215010982,about,about
854,p09,854,210, 'b' 'o',0.21599080000305548,about,about
855,p09,855,210, 'o' 'u',0.27195248496718705,about,about
856,p09,856,210, 'u' 't',0.09609640203416348,about,about
857,p09,857,211,'z' 'i',0.11196961399400607,zibja,zibja
858,p09,858,211, 'i' 'b',0.18398945697117597,zibja,zibja
859,p09,859,211, 'b' 'j',0.38395606202539057,zibja,zibja
860,p09,860,211, 'j' 'a',0.10398750199237838,zibja,zibja
861,p09,861,212,'d' 'r',0.1920192019897513,druze,druze
862,p09,862,212, 'r' 'u',0.1599796359660104,druze,druze
863,p09,863,212, 'u' 'z',0.19996373500907794,druze,druze
864,p09,864,212, 'z' 'e',0.23206054599722847,druze,druze
865,p09,865,213,'p' 'y',0.328012186975684,pykka,pykka
866,p09,866,213, 'y' 'k',0.40001280599972233,pykka,pykka
867,p09,867,213, 'k' 'k',0.15206024999497458,pykka,pykka
868,p09,868,213, 'k' 'a',0.09592223801882938,pykka,pykka
869,p09,869,214,'h' 'r',0.12000061699654907,heond,hroeond
870,p09,870,214, 'r' 'o',0.0880355309927836,heond,hroeond
871,p09,871,214, 'o' 'e',1.1679840440046974,heond,hroeond
872,p09,872,214, 'e' 'o',0.09598615701543167,heond,hroeond
873,p09,873,214, 'o' 'n',0.15199076698627323,heond,hroeond
874,p09,874,214, 'n' 'd',0.08800138899823651,heond,hroeond
875,p09,875,215,'p' 'u',0.23996859695762396,puppy,puppy
876,p09,876,215, 'u' 'p',0.39999184804037213,puppy,puppy
877,p09,877,215, 'p' 'p',0.16007149399956688,puppy,puppy
878,p09,878,215, 'p' 'y',0.07191507698735222,puppy,puppy
879,p09,879,216,'d' 'r',0.19200849597109482,druze,druze
880,p09,880,216, 'r' 'u',0.2879334940225817,druze,druze
881,p09,881,216, 'u' 'z',0.09605560498312116,druze,druze
882,p09,882,216, 'z' 'e',0.22404672903940082,druze,druze
883,p09,883,217,'h' 'e',0.12807327398331836,heond,heond
884,p09,884,217, 'e' 'o',0.07193365902639925,heond,heond
885,p09,885,217, 'o' 'n',0.17610868898918852,heond,heond
886,p09,886,217, 'n' 'd',0.05589017999591306,heond,heond
887,p09,887,218,'t' 'h',0.08010840899078175,theme,theme
888,p09,888,218, 'h' 'e',0.17590157903032377,theme,theme
889,p09,889,218, 'e' 'm',0.31199541699606925,theme,theme
890,p09,890,218, 'm' 'e',0.08000075799645856,theme,theme
891,p09,891,219,'b' 'u',0.19204518501646817,buddy,buddy
892,p09,892,219, 'u' 'd',0.34398204600438476,buddy,buddy
893,p09,893,219, 'd' 'd',0.18407323502469808,buddy,buddy
894,p09,894,219, 'd' 'y',0.08788694796385244,buddy,buddy
895,p09,895,220,'c' 'h',0.1519903169828467,champ,champ
896,p09,896,220, 'h' 'a',0.2479704149882309,champ,champ
897,p09,897,220, 'a' 'm',0.1520266029983759,champ,champ
898,p09,898,220, 'm' 'p',0.4239805060205981,champ,champ
899,p09,899,221,'h' 'e',0.13601383997593075,heond,heond
900,p09,900,221, 'e' 'o',0.07997159799560905,heond,heond
901,p09,901,221, 'o' 'n',0.17604614299489185,heond,heond
902,p09,902,221, 'n' 'd',0.11193265405017883,heond,heond
903,p09,903,222,'t' 'h',0.07206465699709952,there,there
904,p09,904,222, 'h' 'e',0.10393163096159697,there,there
905,p09,905,222, 'e' 'r',0.23196002200711519,there,there
906,p09,906,222, 'r' 'e',0.32800996501464397,there,there
907,p09,907,223,'v' 'o',0.10395053698448464,vodka,vodka
908,p09,908,223, 'o' 'd',0.2880005940096453,vodka,vodka
909,p09,909,223, 'd' 'k',0.43200143496505916,vodka,vodka
910,p09,910,223, 'k' 'a',0.08001247799256817,vodka,vodka
911,p09,911,224,'v' 'a',0.14395015500485897,vanru,vanru
912,p09,912,224, 'a' 'n',0.1280447859899141,vanru,vanru
913,p09,913,224, 'n' 'r',0.15994627500185743,vanru,vanru
914,p09,914,224, 'r' 'u',0.09601483802543953,vanru,vanru
915,p09,915,225,'t' 'h',0.08001694199629128,think,think
916,p09,916,225, 'h' 'i',0.17595019500004128,think,think
917,p09,917,225, 'i' 'n',0.18403676198795438,think,think
918,p09,918,225, 'n' 'k',0.16795756603823975,think,think
919,p09,919,226,'c' 'h',0.17604746797587723,champ,champ
920,p09,920,226, 'h' 'a',0.10405108501436189,champ,champ
921,p09,921,226, 'a' 'm',0.2319604440126568,champ,champ
922,p09,922,226, 'm' 'p',0.29593510896665975,champ,champ
923,p09,923,227,'t' 'h',0.04797004896681756,theme,theme
924,p09,924,227, 'h' 'e',0.11205807799706236,theme,theme
925,p09,925,227, 'e' 'm',0.19198821304598823,theme,theme
926,p09,926,227, 'm' 'e',0.039962793001905084,theme,theme
927,p09,927,228,'v' 'o',0.11997187504312024,vodka,vodka
928,p09,928,228, 'o' 'd',0.07196105195907876,vodka,vodka
929,p09,929,228, 'd' 'k',0.247985930996947,vodka,vodka
930,p09,930,228, 'k' 'a',0.1120502720004879,vodka,vodka
931,p09,931,229,'e' 'f',0.31199882400687784,edthe,efthe
932,p09,932,229, 'f' 't',0.20004480198258534,edthe,efthe
933,p09,933,229, 't' 'h',0.08792193501722068,edthe,efthe
934,p09,934,229, 'h' 'e',0.07197778299450874,edthe,efthe
935,p09,935,230,'t' 'i',0.07197586301481351,tithe,tithe
936,p09,936,230, 'i' 't',0.10401358199305832,tithe,tithe
937,p09,937,230, 't' 'h',0.07997786701889709,tithe,tithe
938,p09,938,230, 'h' 'e',0.07206465495983139,tithe,tithe
939,p09,939,231,'t' 'h',0.07200274895876646,there,there
940,p09,940,231, 'h' 'e',0.12001831200905144,there,there
941,p09,941,231, 'e' 'r',0.19197632401483133,there,there
942,p09,942,231, 'r' 'e',0.1760500220116228,there,there
943,p09,943,232,'v' 'a',0.1520015390124172,vanru,vanru
944,p09,944,232, 'a' 'n',0.16001278499606997,vanru,vanru
945,p09,945,232, 'n' 'r',0.23200614197412506,vanru,vanru
946,p09,946,232, 'r' 'u',0.10397757001919672,vanru,vanru
947,p09,947,233,'b' 'e',0.08797295298427343,belly,belly
948,p09,948,233, 'e' 'l',0.18394123896723613,belly,belly
949,p09,949,233, 'l' 'l',0.18400108302012086,belly,belly
950,p09,950,233, 'l' 'y',0.08005531702656299,belly,belly
951,p09,951,234,'c' 'h',0.09600495401537046,cheer,cheer
952,p09,952,234, 'h' 'e',0.06405292201088741,cheer,cheer
953,p09,953,234, 'e' 'e',0.16795008699409664,cheer,cheer
954,p09,954,234, 'e' 'r',0.16793671197956428,cheer,cheer
955,p09,955,235,'h' 't',0.4401118959649466,think,htink
956,p09,956,235, 't' 'i',0.2159396480419673,think,htink
957,p09,957,235, 'i' 'n',0.19998119299998507,think,htink
958,p09,958,235, 'n' 'k',0.1360297729843296,think,htink
959,p09,959,236,'e' 'd',0.21605756902135909,edthe,edthe
960,p09,960,236, 'd' 't',0.3120498359785415,edthe,edthe
961,p09,961,236, 't' 'h',0.07996234099846333,edthe,edthe
962,p09,962,236, 'h' 'e',0.07996605499647558,edthe,edthe
963,p09,963,237,'p' 'y',0.27201034798054025,pykka,pykka
964,p09,964,237, 'y' 'k',0.28796051401877776,pykka,pykka
965,p09,965,237, 'k' 'k',0.16002128599211574,pykka,pykka
966,p09,966,237, 'k' 'a',0.11995164799736813,pykka,pykka
967,p09,967,238,'t' 'i',0.11198059102753177,tithe,tithe
968,p09,968,238, 'i' 't',0.08000786299817264,tithe,tithe
969,p09,969,238, 't' 'h',0.24003919499227777,tithe,tithe
970,p09,970,238, 'h' 'e',0.11203875299543142,tithe,tithe
971,p09,971,239,'p' 'u',0.26403462199959904,puppy,puppy
972,p09,972,239, 'u' 'p',0.33595668902853504,puppy,puppy
973,p09,973,239, 'p' 'p',0.15201773698208854,puppy,puppy
974,p09,974,239, 'p' 'y',0.16804860398406163,puppy,puppy
