,sID,Bigram #,Trial #,bigram_loc,Bigram,corr_bigram,IKI,string,resp_string,rep #
0,s83,0,0,0,'f' 'a',fa,0.5359980929642916,faqir,faquirspace,0
1,s83,1,0,1, 'a' 'q',aq,0.28792365035042167,faqir,faquirspace,0
2,s83,2,0,2, 'q' 'u',qi,0.25611508172005415,faqir,faquirspace,0
3,s83,3,0,3, 'u' 'i',ir,0.19996590819209814,faqir,faquirspace,0
4,s83,4,0,4, 'i' 'r',,0.3840144891291857,faqir,faquirspace,0
5,s83,5,0,5, 'r' 'space',,0.8959232559427619,faqir,faquirspace,0
6,s83,6,1,0,'b' 'u',bu,0.2480167536996305,buddy,buddy,0
7,s83,7,1,1, 'u' 'd',ud,0.2639327640645206,buddy,buddy,0
8,s83,8,1,2, 'd' 'd',dd,0.1279941159300506,buddy,buddy,0
9,s83,9,1,3, 'd' 'y',dy,0.19206408923491836,buddy,buddy,0
10,s83,10,2,0,'p' 'u',pu,0.23190433206036687,puppy,puppy,0
11,s83,11,2,1, 'u' 'p',up,1.0960088917054236,puppy,puppy,0
12,s83,12,2,2, 'p' 'p',pp,0.14407034404575825,puppy,puppy,0
13,s83,13,2,3, 'p' 'y',py,0.11990983318537474,puppy,puppy,0
14,s83,14,3,0,'h' 'a',ha,0.40809583477675915,haole,haole,0
15,s83,15,3,1, 'a' 'o',ao,0.2718890979886055,haole,haole,0
16,s83,16,3,2, 'o' 'l',ol,0.199997884221375,haole,haole,0
17,s83,17,3,3, 'l' 'e',le,0.08809631364420056,haole,haole,0
18,s83,18,4,0,'t' 'h',th,0.1439663376659155,therm,therm,0
19,s83,19,4,1, 'h' 'e',he,0.20794882532209158,therm,therm,0
20,s83,20,4,2, 'e' 'r',er,0.11211266368627548,therm,therm,0
21,s83,21,4,3, 'r' 'm',rm,0.15193671314045787,therm,therm,0
22,s83,22,5,0,'t' 'h',th,0.14392295200377703,there,there,0
23,s83,23,5,1, 'h' 'e',he,0.10407744208350778,there,there,0
24,s83,24,5,2, 'e' 'r',er,0.09594574430957437,there,there,0
25,s83,25,5,3, 'r' 'e',re,0.12793119484558702,there,there,0
26,s83,26,6,0,'b' 'e',be,0.2960305502638221,belly,belly,0
27,s83,27,6,1, 'e' 'l',el,0.22395718097686768,belly,belly,0
28,s83,28,6,2, 'l' 'l',ll,0.15209746779873967,belly,belly,0
29,s83,29,6,3, 'l' 'y',ly,0.09597765607759356,belly,belly,0
30,s83,30,7,0,'t' 'h',th,0.19200967391952872,think,think,0
31,s83,31,7,1, 'h' 'i',hi,0.16008195467293262,think,think,0
32,s83,32,7,2, 'i' 'n',in,0.199959522113204,think,think,0
33,s83,33,7,3, 'n' 'k',nk,0.1840620180591941,think,think,0
34,s83,34,8,0,'v' 'o',vo,0.21598333818838,vodka,vodka,0
35,s83,35,8,1, 'o' 'd',od,0.34400514187291265,vodka,vodka,0
36,s83,36,8,2, 'd' 'k',dk,0.15193922212347388,vodka,vodka,0
37,s83,37,8,3, 'k' 'a',ka,0.16809860290959477,vodka,vodka,0
38,s83,38,9,0,'f' 'a',fa,0.41591503703966737,faqir,faqir,1
39,s83,39,9,1, 'a' 'q',aq,0.33614177675917745,faqir,faqir,1
40,s83,40,9,2, 'q' 'i',qi,0.2638596682809293,faqir,faqir,1
41,s83,41,9,3, 'i' 'r',ir,0.15206521283835173,faqir,faqir,1
42,s83,42,10,0,'t' 'i',ti,0.16791419312357903,tithe,tithe,0
43,s83,43,10,1, 'i' 't',it,0.11997663602232933,tithe,tithe,0
44,s83,44,10,2, 't' 'h',th,0.12804672168567777,tithe,tithe,0
45,s83,45,10,3, 'h' 'e',he,0.12007324304431677,tithe,tithe,0
46,s83,46,11,0,'f' 'a',fa,0.38399792090058327,faqir,faqir,2
47,s83,47,11,1, 'a' 'q',aq,0.2159747127443552,faqir,faqir,2
48,s83,48,11,2, 'q' 'i',qi,0.22401713207364082,faqir,faqir,2
49,s83,49,11,3, 'i' 'r',ir,0.14390678936615586,faqir,faqir,2
50,s83,50,12,0,'t' 'i',ti,0.13589660311117768,tithe,tithe,1
51,s83,51,12,1, 'i' 't',it,0.12798962695524096,tithe,tithe,1
52,s83,52,12,2, 't' 'h',th,0.13609991874545813,tithe,tithe,1
53,s83,53,12,3, 'h' 'e',he,0.10397713491693139,tithe,tithe,1
54,s83,54,13,0,'p' 'u',pu,0.21596324909478426,puppy,puppy,1
55,s83,55,13,1, 'u' 'p',up,0.5120363449677825,puppy,puppy,1
56,s83,56,13,2, 'p' 'p',pp,0.1359036169014871,puppy,puppy,1
57,s83,57,13,3, 'p' 'y',py,0.12808343721553683,puppy,puppy,1
58,s83,58,14,0,'p' 'y',py,0.5519748069345951,pykka,pykka,0
59,s83,59,14,1, 'y' 'k',yk,0.4000250441022217,pykka,pykka,0
60,s83,60,14,2, 'k' 'k',kk,0.14391720900312066,pykka,pykka,0
61,s83,61,14,3, 'k' 'a',ka,0.09602161915972829,pykka,pykka,0
62,s83,62,15,0,'c' 'o',co,0.16001275507733226,cooed,cooed,0
63,s83,63,15,1, 'o' 'o',oo,0.143938597291708,cooed,cooed,0
64,s83,64,15,2, 'o' 'e',oe,0.07208930002525449,cooed,cooed,0
65,s83,65,15,3, 'e' 'd',ed,0.10399475879967213,cooed,cooed,0
66,s83,66,16,0,'e' 'd',ed,0.17612778721377254,edthe,edthe,0
67,s83,67,16,1, 'd' 't',dt,0.20798965590074658,edthe,edthe,0
68,s83,68,16,2, 't' 'h',th,0.09596455795690417,edthe,edthe,0
69,s83,69,16,3, 'h' 'e',he,0.11993839405477047,edthe,edthe,0
70,s83,70,17,0,'v' 'o',vo,0.2400775016285479,vodka,vodka,1
71,s83,71,17,1, 'o' 'd',od,0.20003716507926583,vodka,vodka,1
72,s83,72,17,2, 'd' 'k',dk,0.15989795420318842,vodka,vodka,1
73,s83,73,17,3, 'k' 'a',ka,0.12008009804412723,vodka,vodka,1
74,s83,74,18,0,'c' 'h',ch,0.13595131179317832,champ,champ,0
75,s83,75,18,1, 'h' 'a',ha,0.12002175999805331,champ,champ,0
76,s83,76,18,2, 'a' 'm',am,0.4959127390757203,champ,champ,0
77,s83,77,18,3, 'm' 'p',mp,0.2159825786948204,champ,champ,0
78,s83,78,19,0,'z' 'i',zi,0.25606724014505744,zibja,zibka,0
79,s83,79,19,1, 'i' 'b',ib,0.7279373528435826,zibja,zibka,0
80,s83,80,19,2, 'b' 'k',bj,0.16811689781025052,zibja,zibka,0
81,s83,81,19,3, 'k' 'a',ja,0.7839955533854663,zibja,zibka,0
82,s83,82,20,0,'t' 'h',th,0.12000381480902433,there,there,1
83,s83,83,20,1, 'h' 'e',he,0.08799958927556872,there,there,1
84,s83,84,20,2, 'e' 'r',er,0.08800233900547028,there,there,1
85,s83,85,20,3, 'r' 'e',re,0.11995841097086668,there,there,1
86,s83,86,21,0,'b' 'e',be,0.16810512263327837,belly,belly,1
87,s83,87,21,1, 'e' 'l',el,0.29599654814228415,belly,belly,1
88,s83,88,21,2, 'l' 'l',ll,0.14390545384958386,belly,belly,1
89,s83,89,21,3, 'l' 'y',ly,0.1121148751117289,belly,belly,1
90,s83,90,22,0,'v' 'a',va,0.19194364314898849,vanru,vanru,0
91,s83,91,22,1, 'a' 'n',an,0.5359931299462914,vanru,vanru,0
92,s83,92,22,2, 'n' 'r',nr,0.1360889789648354,vanru,vanru,0
93,s83,93,22,3, 'r' 'u',ru,0.12795964209362864,vanru,vanru,0
94,s83,94,23,0,'p' 'y',py,0.3920087181031704,pykka,pykka,1
95,s83,95,23,1, 'y' 'k',yk,0.6800478030927479,pykka,pykka,1
96,s83,96,23,2, 'k' 'k',kk,0.13595191296190023,pykka,pykka,1
97,s83,97,23,3, 'k' 'a',ka,0.14413395803421736,pykka,pykka,1
98,s83,98,24,0,'z' 'i',zi,0.23195207491517067,zibja,zibja,1
99,s83,99,24,1, 'i' 'b',ib,0.6000009067356586,zibja,zibja,1
100,s83,100,24,2, 'b' 'j',bj,0.3680179100483656,zibja,zibja,1
101,s83,101,24,3, 'j' 'a',ja,0.4800873282365501,zibja,zibja,1
102,s83,102,25,0,'a' 'b',ab,0.26401573000475764,about,about,0
103,s83,103,25,1, 'b' 'o',bo,0.19196714228019118,about,about,0
104,s83,104,25,2, 'o' 'u',ou,0.11203553900122643,about,about,0
105,s83,105,25,3, 'u' 't',ut,0.12794170109555125,about,about,0
106,s83,106,26,0,'h' 'a',ha,0.13617154024541378,haole,haole,1
107,s83,107,26,1, 'a' 'o',ao,0.247834000736475,haole,haole,1
108,s83,108,26,2, 'o' 'l',ol,0.20002870028838515,haole,haole,1
109,s83,109,26,3, 'l' 'e',le,0.08796932687982917,haole,haole,1
110,s83,110,27,0,'l' 'u',lu,0.19997045584023,lucky,lucky,0
111,s83,111,27,1, 'u' 'c',uc,0.17612061696127057,lucky,lucky,0
112,s83,112,27,2, 'c' 'k',ck,0.12002548389136791,lucky,lucky,0
113,s83,113,27,3, 'k' 'y',ky,0.19990582531318069,lucky,lucky,0
114,s83,114,28,0,'t' 'h',th,0.11205853801220655,there,there,2
115,s83,115,28,1, 'h' 'e',he,0.07200331427156925,there,there,2
116,s83,116,28,2, 'e' 'r',er,0.07192027475684881,there,there,2
117,s83,117,28,3, 'r' 'e',re,0.12006273493170738,there,there,2
118,s83,118,29,0,'b' 'u',bu,0.2719286042265594,buddy,buddy,1
119,s83,119,29,1, 'u' 'd',ud,0.2000083951279521,buddy,buddy,1
120,s83,120,29,2, 'd' 'd',dd,0.1681039589457214,buddy,buddy,1
121,s83,121,29,3, 'd' 'y',dy,0.08799938997253776,buddy,buddy,1
122,s83,122,30,0,'t' 'h',th,0.12000446813181043,therm,therm,1
123,s83,123,30,1, 'h' 'e',he,0.07192806480452418,therm,therm,1
124,s83,124,30,2, 'e' 'r',er,0.0800245157442987,therm,therm,1
125,s83,125,30,3, 'r' 'm',rm,0.13600579742342234,therm,therm,1
126,s83,126,31,0,'t' 'i',ti,0.18399275792762637,tithe,tiuthe,2
127,s83,127,31,1, 'i' 'u',it,0.0,tithe,tiuthe,2
128,s83,128,31,2, 'u' 't',th,0.872051761019975,tithe,tiuthe,2
129,s83,129,31,3, 't' 'h',he,0.08790548890829086,tithe,tiuthe,2
130,s83,130,31,4, 'h' 'e',,0.11209376435726881,tithe,tiuthe,2
131,s83,131,32,0,'c' 'o',co,0.26408386370167136,cooed,cooed,1
132,s83,132,32,1, 'o' 'o',oo,0.1679088743403554,cooed,cooed,1
133,s83,133,32,2, 'o' 'e',oe,0.0719450619071722,cooed,cooed,1
134,s83,134,32,3, 'e' 'd',ed,0.1200656658038497,cooed,cooed,1
135,s83,135,33,0,'c' 'h',ch,0.18407283537089825,cheer,cheer,0
136,s83,136,33,1, 'h' 'e',he,0.15997397899627686,cheer,cheer,0
137,s83,137,33,2, 'e' 'e',ee,0.14399917097762227,cheer,cheer,0
138,s83,138,33,3, 'e' 'r',er,0.13602281780913472,cheer,cheer,0
139,s83,139,34,0,'e' 'd',ed,0.15184147516265512,edthe,edthe,1
140,s83,140,34,1, 'd' 't',dt,0.2160181039944291,edthe,edthe,1
141,s83,141,34,2, 't' 'h',th,0.11211491795256734,edthe,edthe,1
142,s83,142,34,3, 'h' 'e',he,0.11187453800812364,edthe,edthe,1
143,s83,143,35,0,'z' 'i',zi,0.23207726329565048,zibja,zibja,2
144,s83,144,35,1, 'i' 'b',ib,0.32796950777992606,zibja,zibja,2
145,s83,145,35,2, 'b' 'j',bj,0.7039799769409001,zibja,zibja,2
146,s83,146,35,3, 'j' 'a',ja,0.3360384199768305,zibja,zibja,2
147,s83,147,36,0,'h' 'a',ha,0.11995363794267178,haole,haole,2
148,s83,148,36,1, 'a' 'o',ao,0.2640567668713629,haole,haole,2
149,s83,149,36,2, 'o' 'l',ol,0.2078998819924891,haole,haole,2
150,s83,150,36,3, 'l' 'e',le,0.12809362495318055,haole,haole,2
151,s83,151,37,0,'c' 'h',ch,0.168108148034662,cheer,cheer,1
152,s83,152,37,1, 'h' 'e',he,0.17598105501383543,cheer,cheer,1
153,s83,153,37,2, 'e' 'e',ee,0.14404351776465774,cheer,cheer,1
154,s83,154,37,3, 'e' 'r',er,0.1519306469708681,cheer,cheer,1
155,s83,155,38,0,'w' 'o',wo,0.23996015219017863,would,would,0
156,s83,156,38,1, 'o' 'u',ou,0.12791075417771935,would,would,0
157,s83,157,38,2, 'u' 'l',ul,0.2640577699057758,would,would,0
158,s83,158,38,3, 'l' 'd',ld,0.12803782802075148,would,would,0
159,s83,159,39,0,'d' 'r',dr,0.30408107535913587,druze,druze,0
160,s83,160,39,1, 'r' 'u',ru,0.2000151197426021,druze,druze,0
161,s83,161,39,2, 'u' 'z',uz,0.2720129592344165,druze,druze,0
162,s83,162,39,3, 'z' 'e',ze,0.3118770900182426,druze,druze,0
163,s83,163,40,0,'h' 'e',he,0.15995083656162024,heond,heond,0
164,s83,164,40,1, 'e' 'o',eo,0.1520957201719284,heond,heond,0
165,s83,165,40,2, 'o' 'n',on,0.17592323618009686,heond,heond,0
166,s83,166,40,3, 'n' 'd',nd,0.16791736194863915,heond,heond,0
167,s83,167,41,0,'e' 'd',ed,0.1919878306798637,edthe,edthe,2
168,s83,168,41,1, 'd' 't',dt,0.22389647411182523,edthe,edthe,2
169,s83,169,41,2, 't' 'h',th,0.12806781008839607,edthe,edthe,2
170,s83,170,41,3, 'h' 'e',he,0.11999879591166973,edthe,edthe,2
171,s83,171,42,0,'a' 'b',ab,0.24786348827183247,about,about,1
172,s83,172,42,1, 'b' 'o',bo,0.19995959009975195,about,about,1
173,s83,173,42,2, 'o' 'u',ou,0.14400192769244313,about,about,1
174,s83,174,42,3, 'u' 't',ut,0.13609455293044448,about,about,1
175,s83,175,43,0,'h' 'e',he,0.18406734196469188,heond,heond,1
176,s83,176,43,1, 'e' 'o',eo,0.5040450775995851,heond,heond,1
177,s83,177,43,2, 'o' 'n',on,0.16792750917375088,heond,heond,1
178,s83,178,43,3, 'n' 'd',nd,0.14401672687381506,heond,heond,1
179,s83,179,44,0,'f' 'a',fa,0.43207179103046656,faqir,faqir,3
180,s83,180,44,1, 'a' 'q',aq,0.2960257809609175,faqir,faqir,3
181,s83,181,44,2, 'q' 'i',qi,0.20799892069771886,faqir,faqir,3
182,s83,182,44,3, 'i' 'r',ir,0.15994530823081732,faqir,faqir,3
183,s83,183,45,0,'e' 'd',ed,0.183971188031137,edthe,edthe,3
184,s83,184,45,1, 'd' 't',dt,0.22400234593078494,edthe,edthe,3
185,s83,185,45,2, 't' 'h',th,0.10406196489930153,edthe,edthe,3
186,s83,186,45,3, 'h' 'e',he,0.0959386583417654,edthe,edthe,3
187,s83,187,46,0,'k' 'r',kr,0.112023766618222,kremp,kremp,0
188,s83,188,46,1, 'r' 'e',re,0.07193007040768862,kremp,kremp,0
189,s83,189,46,2, 'e' 'm',em,0.1521070096641779,kremp,kremp,0
190,s83,190,46,3, 'm' 'p',mp,0.3359558000229299,kremp,kremp,0
191,s83,191,47,0,'c' 'h',ch,0.15196620533242822,champ,champ,1
192,s83,192,47,1, 'h' 'a',ha,0.1760301017202437,champ,champ,1
193,s83,193,47,2, 'a' 'm',am,0.4958911328576505,champ,champ,1
194,s83,194,47,3, 'm' 'p',mp,0.22399183921515942,champ,champ,1
195,s83,195,48,0,'h' 'e',he,0.14404152240604162,heond,heond,2
196,s83,196,48,1, 'e' 'o',eo,0.1438729460351169,heond,heond,2
197,s83,197,48,2, 'o' 'n',on,0.20800818083807826,heond,heond,2
198,s83,198,48,3, 'n' 'd',nd,0.10410519316792488,heond,heond,2
199,s83,199,49,0,'z' 'i',zi,0.27995458571240306,zibja,zibja,3
200,s83,200,49,1, 'i' 'b',ib,0.21604058938100934,zibja,zibja,3
201,s83,201,49,2, 'b' 'j',bj,0.23193744895979762,zibja,zibja,3
202,s83,202,49,3, 'j' 'a',ja,0.1999967168085277,zibja,zibja,3
203,s83,203,50,0,'t' 'h',th,0.13593893498182297,theme,theme,0
204,s83,204,50,1, 'h' 'e',he,0.16002777079120278,theme,theme,0
205,s83,205,50,2, 'e' 'm',em,0.1759722540155053,theme,theme,0
206,s83,206,50,3, 'm' 'e',me,0.11210204195231199,theme,theme,0
207,s83,207,51,0,'t' 'h',th,0.11991657596081495,therm,therm,2
208,s83,208,51,1, 'h' 'e',he,0.11201075185090303,therm,therm,2
209,s83,209,51,2, 'e' 'r',er,0.0800550552085042,therm,therm,2
210,s83,210,51,3, 'r' 'm',rm,0.13598019583150744,therm,therm,2
211,s83,211,52,0,'v' 'a',va,0.17602480482310057,vanru,vanru,1
212,s83,212,52,1, 'a' 'n',an,0.40799296321347356,vanru,vanru,1
213,s83,213,52,2, 'n' 'r',nr,0.49608690198510885,vanru,vanru,1
214,s83,214,52,3, 'r' 'u',ru,0.16797034302726388,vanru,vanru,1
215,s83,215,53,0,'f' 'a',fa,0.39987527625635266,faqir,faqir,4
216,s83,216,53,1, 'a' 'q',aq,0.263931383844465,faqir,faqir,4
217,s83,217,53,2, 'q' 'i',qi,0.2081029419787228,faqir,faqir,4
218,s83,218,53,3, 'i' 'r',ir,0.1359819071367383,faqir,faqir,4
219,s83,219,54,0,'c' 'h',ch,0.1679555936716497,cheer,cheer,2
220,s83,220,54,1, 'h' 'e',he,0.1280407141894102,cheer,cheer,2
221,s83,221,54,2, 'e' 'e',ee,0.16800657706335187,cheer,cheer,2
222,s83,222,54,3, 'e' 'r',er,0.12795071490108967,cheer,cheer,2
223,s83,223,55,0,'l' 'u',lu,0.1679549920372665,lucky,lucky,1
224,s83,224,55,1, 'u' 'c',uc,0.1599757499061525,lucky,lucky,1
225,s83,225,55,2, 'c' 'k',ck,0.0961378370411694,lucky,lucky,1
226,s83,226,55,3, 'k' 'y',ky,0.24002957716584206,lucky,lucky,1
227,s83,227,56,0,'k' 'r',kr,0.1199409244582057,kremp,kremp,1
228,s83,228,56,1, 'r' 'e',re,0.09609986282885075,kremp,kremp,1
229,s83,229,56,2, 'e' 'm',em,0.13595372205600142,kremp,kremp,1
230,s83,230,56,3, 'm' 'p',mp,0.28802237985655665,kremp,kremp,1
231,s83,231,57,0,'c' 'o',co,0.21589698176831007,cooed,cooed,2
232,s83,232,57,1, 'o' 'o',oo,0.1441234783269465,cooed,cooed,2
233,s83,233,57,2, 'o' 'e',oe,0.07186102494597435,cooed,cooed,2
234,s83,234,57,3, 'e' 'd',ed,0.11204294674098492,cooed,cooed,2
235,s83,235,58,0,'a' 'b',ab,0.23204751079902053,about,about,2
236,s83,236,58,1, 'b' 'o',bo,0.1600128309801221,about,about,2
237,s83,237,58,2, 'o' 'u',ou,0.1440481678582728,about,about,2
238,s83,238,58,3, 'u' 't',ut,0.12799448939040303,about,about,2
239,s83,239,59,0,'v' 'a',va,0.1439778762869537,vanru,vanru,2
240,s83,240,59,1, 'a' 'n',an,0.12000518012791872,vanru,vanru,2
241,s83,241,59,2, 'n' 'r',nr,0.15195042500272393,vanru,vanru,2
242,s83,242,59,3, 'r' 'u',ru,0.19206016464158893,vanru,vanru,2
243,s83,243,60,0,'b' 'e',be,0.09595689084380865,belly,belly,2
244,s83,244,60,1, 'e' 'l',el,0.30406308686360717,belly,belly,2
245,s83,245,60,2, 'l' 'l',ll,0.15205121133476496,belly,belly,2
246,s83,246,60,3, 'l' 'y',ly,0.08803314296528697,belly,belly,2
247,s83,247,61,0,'w' 'o',wo,0.29601851804181933,would,would,1
248,s83,248,61,1, 'o' 'u',ou,0.12006394006311893,would,would,1
249,s83,249,61,2, 'u' 'l',ul,0.24799100123345852,would,would,1
250,s83,250,61,3, 'l' 'd',ld,0.17598566273227334,would,would,1
251,s83,251,62,0,'z' 'i',zi,0.19195017404854298,zibja,zibja,4
252,s83,252,62,1, 'i' 'b',ib,0.3280348568223417,zibja,zibja,4
253,s83,253,62,2, 'b' 'j',bj,0.335997736081481,zibja,zibja,4
254,s83,254,62,3, 'j' 'a',ja,0.22390119219198823,zibja,zibja,4
255,s83,255,63,0,'p' 'u',pu,0.22388236271217465,puppy,puppy,2
256,s83,256,63,1, 'u' 'p',up,0.21600040700286627,puppy,puppy,2
257,s83,257,63,2, 'p' 'p',pp,0.12805675342679024,puppy,puppy,2
258,s83,258,63,3, 'p' 'y',py,0.1439393018372357,puppy,puppy,2
259,s83,259,64,0,'v' 'o',vo,0.11202169163152575,vodka,vodka,2
260,s83,260,64,1, 'o' 'd',od,0.23205777630209923,vodka,vodka,2
261,s83,261,64,2, 'd' 'k',dk,0.1440339731052518,vodka,vodka,2
262,s83,262,64,3, 'k' 'a',ka,0.15196020668372512,vodka,vodka,2
263,s83,263,65,0,'k' 'r',kr,0.11999912234023213,kremp,kremp,2
264,s83,264,65,1, 'r' 'e',re,0.05603735568001866,kremp,kremp,2
265,s83,265,65,2, 'e' 'm',em,0.16800387715920806,kremp,kremp,2
266,s83,266,65,3, 'm' 'p',mp,0.1919755102135241,kremp,kremp,2
267,s83,267,66,0,'p' 'u',pu,0.3518789359368384,puppy,puppy,3
268,s83,268,66,1, 'u' 'p',up,0.19202933367341757,puppy,puppy,3
269,s83,269,66,2, 'p' 'p',pp,0.14409270696341991,puppy,puppy,3
270,s83,270,66,3, 'p' 'y',py,0.16800352605059743,puppy,puppy,3
271,s83,271,67,0,'t' 'i',ti,0.14397001825273037,tithe,tithe,3
272,s83,272,67,1, 'i' 't',it,0.09597815806046128,tithe,tithe,3
273,s83,273,67,2, 't' 'h',th,0.13603362487629056,tithe,tithe,3
274,s83,274,67,3, 'h' 'e',he,0.09621423482894897,tithe,tithe,3
275,s83,275,68,0,'d' 'r',dr,0.1840984863229096,druze,druze,1
276,s83,276,68,1, 'r' 'u',ru,0.23189073102548718,druze,druze,1
277,s83,277,68,2, 'u' 'z',uz,0.2160815205425024,druze,druze,1
278,s83,278,68,3, 'z' 'e',ze,0.29596665827557445,druze,druze,1
279,s83,279,69,0,'p' 'u',pu,0.2319809109903872,puppy,puppy,4
280,s83,280,69,1, 'u' 'p',up,0.19196606799960136,puppy,puppy,4
281,s83,281,69,2, 'p' 'p',pp,0.16011564014479518,puppy,puppy,4
282,s83,282,69,3, 'p' 'y',py,0.12799903377890587,puppy,puppy,4
283,s83,283,70,0,'p' 'u',py,0.2879097983241081,pykka,pukka,2
284,s83,284,70,1, 'u' 'k',yk,0.8480879827402532,pykka,pukka,2
285,s83,285,70,2, 'k' 'k',kk,0.15993053326383233,pykka,pukka,2
286,s83,286,70,3, 'k' 'a',ka,0.14412438590079546,pykka,pukka,2
287,s83,287,71,0,'b' 'e',be,0.1919412212446332,belly,belly,3
288,s83,288,71,1, 'e' 'l',el,0.19201129861176014,belly,belly,3
289,s83,289,71,2, 'l' 'l',ll,0.15212580701336265,belly,belly,3
290,s83,290,71,3, 'l' 'y',ly,0.10397110832855105,belly,belly,3
291,s83,291,72,0,'c' 'h',ch,0.1359958928078413,cheer,cheer,3
292,s83,292,72,1, 'h' 'e',he,0.1361114219762385,cheer,cheer,3
293,s83,293,72,2, 'e' 'e',ee,0.14394768420606852,cheer,cheer,3
294,s83,294,72,3, 'e' 'r',er,0.11993516702204943,cheer,cheer,3
295,s83,295,73,0,'w' 'o',wo,0.23200085712596774,would,would,2
296,s83,296,73,1, 'o' 'u',ou,0.11205465998500586,would,would,2
297,s83,297,73,2, 'u' 'l',ul,0.2398719941265881,would,would,2
298,s83,298,73,3, 'l' 'd',ld,0.11200223304331303,would,would,2
299,s83,299,74,0,'l' 'u',lu,0.21607588790357113,lucky,lucky,2
300,s83,300,74,1, 'u' 'c',uc,0.11987193301320076,lucky,lucky,2
301,s83,301,74,2, 'c' 'k',ck,0.10404777992516756,lucky,lucky,2
302,s83,302,74,3, 'k' 'y',ky,0.191964752972126,lucky,lucky,2
303,s83,303,75,0,'p' 'y',py,0.3999598817899823,pykka,pykka,3
304,s83,304,75,1, 'y' 'k',yk,0.47192115196958184,pykka,pykka,3
305,s83,305,75,2, 'k' 'k',kk,0.14418438915163279,pykka,pykka,3
306,s83,306,75,3, 'k' 'a',ka,0.11986084096133709,pykka,pykka,3
307,s83,307,76,0,'v' 'a',va,0.15193293197080493,vanru,vanru,3
308,s83,308,76,1, 'a' 'n',an,0.11993028922006488,vanru,vanru,3
309,s83,309,76,2, 'n' 'r',nr,0.1360443076118827,vanru,vanru,3
310,s83,310,76,3, 'r' 'u',ru,0.16003431007266045,vanru,vanru,3
311,s83,311,77,0,'d' 'r',dr,0.18395771319046617,druze,druze,2
312,s83,312,77,1, 'r' 'u',ru,0.2000636081211269,druze,druze,2
313,s83,313,77,2, 'u' 'z',uz,0.23985968763008714,druze,druze,2
314,s83,314,77,3, 'z' 'e',ze,0.336134675424546,druze,druze,2
315,s83,315,78,0,'t' 'h',th,0.09604417532682419,theme,theme,1
316,s83,316,78,1, 'h' 'e',he,0.1439822087995708,theme,theme,1
317,s83,317,78,2, 'e' 'm',em,0.15201353700831532,theme,theme,1
318,s83,318,78,3, 'm' 'e',me,0.08793338295072317,theme,theme,1
319,s83,319,79,0,'d' 'r',dr,0.2079638261348009,druze,druze,3
320,s83,320,79,1, 'r' 'u',ru,0.2639444791711867,druze,druze,3
321,s83,321,79,2, 'u' 'z',uz,0.2079983209259808,druze,druze,3
322,s83,322,79,3, 'z' 'e',ze,0.21603464987128973,druze,druze,3
323,s83,323,80,0,'l' 'u',lu,0.15996280405670404,lucky,lucky,3
324,s83,324,80,1, 'u' 'c',uc,0.14400197425857186,lucky,lucky,3
325,s83,325,80,2, 'c' 'k',ck,0.11999768065288663,lucky,lucky,3
326,s83,326,80,3, 'k' 'y',ky,0.19994161929935217,lucky,lucky,3
327,s83,327,81,0,'t' 'h',th,0.1840911149047315,think,think,1
328,s83,328,81,1, 'h' 'i',hi,0.11193539807572961,think,think,1
329,s83,329,81,2, 'i' 'n',in,0.19199149683117867,think,think,1
330,s83,330,81,3, 'n' 'k',nk,0.16809624899178743,think,think,1
331,s83,331,82,0,'c' 'h',ch,0.15201088599860668,champ,champ,2
332,s83,332,82,1, 'h' 'a',ha,0.14395324187353253,champ,champ,2
333,s83,333,82,2, 'a' 'm',am,0.13595729926601052,champ,champ,2
334,s83,334,82,3, 'm' 'p',mp,0.20806416682898998,champ,champ,2
335,s83,335,83,0,'p' 'y',py,0.27196866925805807,pykka,pykka,4
336,s83,336,83,1, 'y' 'k',yk,0.5679931677877903,pykka,pykka,4
337,s83,337,83,2, 'k' 'k',kk,0.15198100917041302,pykka,pykka,4
338,s83,338,83,3, 'k' 'a',ka,0.10410143388435245,pykka,pykka,4
339,s83,339,84,0,'t' 'h',th,0.1759994956664741,think,think,2
340,s83,340,84,1, 'h' 'i',hi,0.5200083642266691,think,think,2
341,s83,341,84,2, 'i' 'n',in,0.17601910885423422,think,think,2
342,s83,342,84,3, 'n' 'k',nk,0.17597946897149086,think,think,2
343,s83,343,85,0,'k' 'r',kr,0.13606647588312626,kremp,kremp,3
344,s83,344,85,1, 'r' 'e',re,0.06396221416071057,kremp,kremp,3
345,s83,345,85,2, 'e' 'm',em,0.12007198482751846,kremp,kremp,3
346,s83,346,85,3, 'm' 'p',mp,0.1999903991818428,kremp,kremp,3
347,s83,347,86,0,'a' 'b',ab,0.1840129140764475,about,about,3
348,s83,348,86,1, 'b' 'o',bo,0.12011000979691744,about,about,3
349,s83,349,86,2, 'o' 'u',ou,0.11187185207381845,about,about,3
350,s83,350,86,3, 'u' 't',ut,0.0960353221744299,about,about,3
351,s83,351,87,0,'t' 'h',th,0.10397442616522312,there,thre,3
352,s83,352,87,1, 'h' 'r',he,0.1200499371625483,there,thre,3
353,s83,353,87,2, 'r' 'e',er,0.1520167258568108,there,thre,3
354,s83,354,88,0,'t' 'h',th,0.10413698386400938,therm,therm,3
355,s83,355,88,1, 'h' 'e',he,0.1119186319410801,therm,therm,3
356,s83,356,88,2, 'e' 'r',er,0.1039069970138371,therm,therm,3
357,s83,357,88,3, 'r' 'm',rm,0.10402730805799365,therm,therm,3
358,s83,358,89,0,'v' 'a',va,0.1358965178951621,vanru,vanru,4
359,s83,359,89,1, 'a' 'n',an,0.16810988588258624,vanru,vanru,4
360,s83,360,89,2, 'n' 'r',nr,0.14399768831208348,vanru,vanru,4
361,s83,361,89,3, 'r' 'u',ru,0.14396363589912653,vanru,vanru,4
362,s83,362,90,0,'b' 'u',bu,0.16007033502683043,buddy,buddy,2
363,s83,363,90,1, 'u' 'd',ud,0.43195080617442727,buddy,buddy,2
364,s83,364,90,2, 'd' 'd',dd,0.13592774514108896,buddy,buddy,2
365,s83,365,90,3, 'd' 'y',dy,0.10401886468753219,buddy,buddy,2
366,s83,366,91,0,'v' 'o',vo,0.5359598798677325,vodka,vodka,3
367,s83,367,91,1, 'o' 'd',od,0.4640380907803774,vodka,vodka,3
368,s83,368,91,2, 'd' 'k',dk,0.17591200210154057,vodka,vodka,3
369,s83,369,91,3, 'k' 'a',ka,0.1280927718617022,vodka,vodka,3
370,s83,370,92,0,'c' 'h',ch,0.1759965089149773,cheer,cheer,4
371,s83,371,92,1, 'h' 'e',he,0.1439525792375207,cheer,cheer,4
372,s83,372,92,2, 'e' 'e',ee,0.16008596681058407,cheer,cheer,4
373,s83,373,92,3, 'e' 'r',er,0.14391071116551757,cheer,cheer,4
374,s83,374,93,0,'k' 'r',kr,0.14388061361387372,kremp,kremp,4
375,s83,375,93,1, 'r' 'e',re,0.06408254196867347,kremp,kremp,4
376,s83,376,93,2, 'e' 'm',em,0.15992474323138595,kremp,kremp,4
377,s83,377,93,3, 'm' 'p',mp,0.19999906001612544,kremp,kremp,4
378,s83,378,94,0,'b' 'u',bu,0.3119535450823605,buddy,buddy,3
379,s83,379,94,1, 'u' 'd',ud,0.1599519858136773,buddy,buddy,3
380,s83,380,94,2, 'd' 'd',dd,0.15197462309151888,buddy,buddy,3
381,s83,381,94,3, 'd' 'y',dy,0.08008434996008873,buddy,buddy,3
382,s83,382,95,0,'c' 'h',ch,0.12791026709601283,champ,champ,3
383,s83,383,95,1, 'h' 'a',ha,0.1520363367162645,champ,champ,3
384,s83,384,95,2, 'a' 'm',am,0.14399530738592148,champ,champ,3
385,s83,385,95,3, 'm' 'p',mp,0.19211018877103925,champ,champ,3
386,s83,386,96,0,'h' 'a',ha,0.19201534101739526,haole,haole,3
387,s83,387,96,1, 'a' 'o',ao,0.19999750796705484,haole,haole,3
388,s83,388,96,2, 'o' 'l',ol,0.2560838311910629,haole,haole,3
389,s83,389,96,3, 'l' 'e',le,0.1279573878273368,haole,haole,3
390,s83,390,97,0,'t' 'h',th,0.11199888493865728,therm,therm,4
391,s83,391,97,1, 'h' 'e',he,0.09602921921759844,therm,therm,4
392,s83,392,97,2, 'e' 'r',er,0.07997175771743059,therm,therm,4
393,s83,393,97,3, 'r' 'm',rm,0.15990510303527117,therm,therm,4
394,s83,394,98,0,'b' 'u',bu,0.22398207383230329,buddy,buddy,4
395,s83,395,98,1, 'u' 'd',ud,0.2159715541638434,buddy,buddy,4
396,s83,396,98,2, 'd' 'd',dd,0.16006156196817756,buddy,buddy,4
397,s83,397,98,3, 'd' 'y',dy,0.09588294103741646,buddy,buddy,4
398,s83,398,99,0,'t' 'h',th,0.20801777765154839,think,think,3
399,s83,399,99,1, 'h' 'i',hi,0.19206657214090228,think,think,3
400,s83,400,99,2, 'i' 'n',in,0.20793007919564843,think,think,3
401,s83,401,99,3, 'n' 'k',nk,0.18398015573620796,think,think,3
402,s83,402,100,0,'c' 'o',co,0.4799859398044646,cooed,cooed,3
403,s83,403,100,1, 'o' 'o',oo,0.15199832525104284,cooed,cooed,3
404,s83,404,100,2, 'o' 'e',oe,0.10389415174722672,cooed,cooed,3
405,s83,405,100,3, 'e' 'd',ed,0.08811974804848433,cooed,cooed,3
406,s83,406,101,0,'t' 'h',th,0.09596023801714182,there,there,4
407,s83,407,101,1, 'h' 'e',he,0.08810230577364564,there,there,4
408,s83,408,101,2, 'e' 'r',er,0.09589336719363928,there,there,4
409,s83,409,101,3, 'r' 'e',re,0.12000448117032647,there,there,4
410,s83,410,102,0,'w' 'o',wo,0.20796054508537054,would,would,3
411,s83,411,102,1, 'o' 'u',ou,0.17597514996305108,would,would,3
412,s83,412,102,2, 'u' 'l',ul,0.23997312877327204,would,would,3
413,s83,413,102,3, 'l' 'd',ld,0.1600084751844406,would,would,3
414,s83,414,103,0,'c' 'h',ch,0.16798798134550452,champ,champ,4
415,s83,415,103,1, 'h' 'a',ha,0.13597030006349087,champ,champ,4
416,s83,416,103,2, 'a' 'm',am,0.2000955338589847,champ,champ,4
417,s83,417,103,3, 'm' 'p',mp,0.2238935437053442,champ,champ,4
418,s83,418,104,0,'l' 'u',lu,0.21594950230792165,lucky,lucky,4
419,s83,419,104,1, 'u' 'c',uc,0.1280403807759285,lucky,lucky,4
420,s83,420,104,2, 'c' 'k',ck,0.07996002491563559,lucky,lucky,4
421,s83,421,104,3, 'k' 'y',ky,0.4560213051736355,lucky,lucky,4
422,s83,422,105,0,'c' 'o',co,0.18401163769885898,cooed,cooed,4
423,s83,423,105,1, 'o' 'o',oo,0.1759671000763774,cooed,cooed,4
424,s83,424,105,2, 'o' 'e',oe,0.09604514809325337,cooed,cooed,4
425,s83,425,105,3, 'e' 'd',ed,0.11193839414045215,cooed,cooed,4
426,s83,426,106,0,'w' 'o',wo,0.1360754296183586,would,would,4
427,s83,427,106,1, 'o' 'u',ou,0.1439470611512661,would,would,4
428,s83,428,106,2, 'u' 'l',ul,0.19205218786373734,would,would,4
429,s83,429,106,3, 'l' 'd',ld,0.11992924334481359,would,would,4
430,s83,430,107,0,'t' 'h',th,0.10396665101870894,theme,theme,2
431,s83,431,107,1, 'h' 'e',he,0.11197404935956001,theme,theme,2
432,s83,432,107,2, 'e' 'm',em,0.1680452637374401,theme,theme,2
433,s83,433,107,3, 'm' 'e',me,0.07990242587402463,theme,theme,2
434,s83,434,108,0,'t' 'h',th,0.1361036440357566,think,think,4
435,s83,435,108,1, 'h' 'i',hi,0.26396909123286605,think,think,4
436,s83,436,108,2, 'i' 'n',in,0.19200611300766468,think,think,4
437,s83,437,108,3, 'n' 'k',nk,0.17592331301420927,think,think,4
438,s83,438,109,0,'t' 'h',th,0.09599360125139356,theme,theme,3
439,s83,439,109,1, 'h' 'e',he,0.14390127593651414,theme,theme,3
440,s83,440,109,2, 'e' 'm',em,0.1041010138578713,theme,theme,3
441,s83,441,109,3, 'm' 'e',me,0.10389370424672961,theme,theme,3
442,s83,442,110,0,'b' 'e',be,0.4639875451102853,belly,belly,4
443,s83,443,110,1, 'e' 'l',el,0.2558848741464317,belly,belly,4
444,s83,444,110,2, 'l' 'l',ll,0.1760863526724279,belly,belly,4
445,s83,445,110,3, 'l' 'y',ly,0.15199274709448218,belly,belly,4
446,s83,446,111,0,'a' 'b',ab,0.23195428121834993,about,about,4
447,s83,447,111,1, 'b' 'o',bo,0.16004660399630666,about,about,4
448,s83,448,111,2, 'o' 'u',ou,0.10399780189618468,about,about,4
449,s83,449,111,3, 'u' 't',ut,0.10387961007654667,about,about,4
450,s83,450,112,0,'h' 'a',ha,0.1280764788389206,haole,haole,4
451,s83,451,112,1, 'a' 'o',ao,0.2319429419003427,haole,haole,4
452,s83,452,112,2, 'o' 'l',ol,0.20001289807260036,haole,haole,4
453,s83,453,112,3, 'l' 'e',le,0.0879074432887137,haole,haole,4
454,s83,454,113,0,'t' 'h',th,0.08811966609209776,theme,theme,4
455,s83,455,113,1, 'h' 'e',he,0.14391258219256997,theme,theme,4
456,s83,456,113,2, 'e' 'm',em,0.11998898163437843,theme,theme,4
457,s83,457,113,3, 'm' 'e',me,0.09605777030810714,theme,theme,4
458,s83,458,114,0,'d' 'r',dr,0.26404001470655203,druze,druze,4
459,s83,459,114,1, 'r' 'u',ru,0.2320371181704104,druze,druze,4
460,s83,460,114,2, 'u' 'z',uz,0.2080222680233419,druze,druze,4
461,s83,461,114,3, 'z' 'e',ze,0.24802629603073,druze,druze,4
462,s83,462,115,0,'v' 'o',vo,0.27201437298208475,vodka,vodka,4
463,s83,463,115,1, 'o' 'd',od,0.1758778551593423,vodka,vodka,4
464,s83,464,115,2, 'd' 'k',dk,0.15210969001054764,vodka,vodka,4
465,s83,465,115,3, 'k' 'a',ka,0.13599487906321883,vodka,vodka,4
466,s83,466,116,0,'e' 'd',ed,0.12005722196772695,edthe,edhe,4
467,s83,467,116,1, 'd' 'h',dt,0.45602225000038743,edthe,edhe,4
468,s83,468,116,2, 'h' 'e',th,0.12797632208094,edthe,edhe,4
469,s83,469,117,0,'h' 'e',he,0.24805197026580572,heond,heond,3
470,s83,470,117,1, 'e' 'o',eo,0.19991292478516698,heond,heond,3
471,s83,471,117,2, 'o' 'n',on,0.2240516128949821,heond,heond,3
472,s83,472,117,3, 'n' 'd',nd,0.11998142022639513,heond,heond,3
473,s83,473,118,0,'t' 'i',ti,0.1439335118047893,tithe,tithe,4
474,s83,474,118,1, 'i' 't',it,0.11206607893109322,tithe,tithe,4
475,s83,475,118,2, 't' 'h',th,0.14404193917289376,tithe,tithe,4
476,s83,476,118,3, 'h' 'e',he,0.08793066209182143,tithe,tithe,4
477,s83,477,119,0,'h' 'e',he,0.24798778584226966,heond,heond,4
478,s83,478,119,1, 'e' 'o',eo,0.13606121903285384,heond,heond,4
479,s83,479,119,2, 'o' 'n',on,0.22406250005587935,heond,heond,4
480,s83,480,119,3, 'n' 'd',nd,0.0959726651199162,heond,heond,4
481,s83,481,120,0,'b' 'u',bu,0.23998511908575892,buddy,buddy,5
482,s83,482,120,1, 'u' 'd',ud,0.17599541507661343,buddy,buddy,5
483,s83,483,120,2, 'd' 'd',dd,0.13603761373087764,buddy,buddy,5
484,s83,484,120,3, 'd' 'y',dy,0.1439490132033825,buddy,buddy,5
485,s83,485,121,0,'l' 'u',lu,0.2080480521544814,lucky,lucky,5
486,s83,486,121,1, 'u' 'c',uc,0.17596349399536848,lucky,lucky,5
487,s83,487,121,2, 'c' 'k',ck,0.1279282970353961,lucky,lucky,5
488,s83,488,121,3, 'k' 'y',ky,0.45607002591714263,lucky,lucky,5
489,s83,489,122,0,'b' 'e',be,0.19200191972777247,belly,belly,5
490,s83,490,122,1, 'e' 'l',el,0.2321428982540965,belly,belly,5
491,s83,491,122,2, 'l' 'l',ll,0.1599380080588162,belly,belly,5
492,s83,492,122,3, 'l' 'y',ly,0.1600103760138154,belly,belly,5
493,s83,493,123,0,'w' 'o',wo,0.1839443128556013,would,would,5
494,s83,494,123,1, 'o' 'u',ou,0.12805027281865478,would,would,5
495,s83,495,123,2, 'u' 'l',ul,0.23197783017531037,would,would,5
496,s83,496,123,3, 'l' 'd',ld,0.13597955089062452,would,would,5
497,s83,497,124,0,'p' 'y',py,0.36009293235838413,pykka,pykka,5
498,s83,498,124,1, 'y' 'k',yk,0.3440314829349518,pykka,pykka,5
499,s83,499,124,2, 'k' 'k',kk,0.15188358072191477,pykka,pykka,5
500,s83,500,124,3, 'k' 'a',ka,0.15198000241070986,pykka,pykka,5
501,s83,501,125,0,'t' 'i',ti,0.16789168491959572,tithe,tithe,5
502,s83,502,125,1, 'i' 't',it,0.12811098527163267,tithe,tithe,5
503,s83,503,125,2, 't' 'h',th,0.14398076897487044,tithe,tithe,5
504,s83,504,125,3, 'h' 'e',he,0.11190097080543637,tithe,tithe,5
505,s83,505,126,0,'v' 'a',va,0.12804677383974195,vanru,vanru,5
506,s83,506,126,1, 'a' 'n',an,0.13591118017211556,vanru,vanru,5
507,s83,507,126,2, 'n' 'r',nr,0.14408634882420301,vanru,vanru,5
508,s83,508,126,3, 'r' 'u',ru,0.11996501311659813,vanru,vanru,5
509,s83,509,127,0,'i' 't',ti,0.735912305302918,tithe,ithte,6
510,s83,510,127,1, 't' 'h',it,0.14412245666608214,tithe,ithte,6
511,s83,511,127,2, 'h' 't',th,0.0798635482788086,tithe,ithte,6
512,s83,512,127,3, 't' 'e',he,0.15212836069986224,tithe,ithte,6
513,s83,513,128,0,'c' 'o',co,0.2159213018603623,cooed,cooed,5
514,s83,514,128,1, 'o' 'o',oo,0.15197706501930952,cooed,cooed,5
515,s83,515,128,2, 'o' 'e',oe,0.08008204121142626,cooed,cooed,5
516,s83,516,128,3, 'e' 'd',ed,0.14403849886730313,cooed,cooed,5
517,s83,517,129,0,'c' 'h',ch,0.13592900522053242,cheer,cheer,5
518,s83,518,129,1, 'h' 'e',he,0.1280844551511109,cheer,cheer,5
519,s83,519,129,2, 'e' 'e',ee,0.17588964197784662,cheer,cheer,5
520,s83,520,129,3, 'e' 'r',er,0.12001584377139807,cheer,cheer,5
521,s83,521,130,0,'f' 'a',fa,0.13606265699490905,faqir,faqir,5
522,s83,522,130,1, 'a' 'q',aq,0.3519419226795435,faqir,faqir,5
523,s83,523,130,2, 'q' 'i',qi,0.12000850727781653,faqir,faqir,5
524,s83,524,130,3, 'i' 'r',ir,0.1440754677169025,faqir,faqir,5
525,s83,525,131,0,'v' 'o',vo,0.13597898976877332,vodka,vodka,5
526,s83,526,131,1, 'o' 'd',od,0.14406184805557132,vodka,vodka,5
527,s83,527,131,2, 'd' 'k',dk,0.15987413423135877,vodka,vodka,5
528,s83,528,131,3, 'k' 'a',ka,0.11212194571271539,vodka,vodka,5
529,s83,529,132,0,'t' 'h',th,0.10402308404445648,therm,therm,5
530,s83,530,132,1, 'h' 'e',he,0.10409556608647108,therm,therm,5
531,s83,531,132,2, 'e' 'r',er,0.07992850383743644,therm,therm,5
532,s83,532,132,3, 'r' 'm',rm,0.10403616121038795,therm,therm,5
533,s83,533,133,0,'l' 'u',lu,0.17612421698868275,lucky,lucky,6
534,s83,534,133,1, 'u' 'c',uc,0.09592898609116673,lucky,lucky,6
535,s83,535,133,2, 'c' 'k',ck,0.11995473364368081,lucky,lucky,6
536,s83,536,133,3, 'k' 'y',ky,0.19202662911266088,lucky,lucky,6
537,s83,537,134,0,'t' 'h',th,0.19203427992761135,think,think,5
538,s83,538,134,1, 'h' 'i',hi,0.15205772500485182,think,think,5
539,s83,539,134,2, 'i' 'n',in,0.20799442194402218,think,think,5
540,s83,540,134,3, 'n' 'k',nk,0.17593718692660332,think,think,5
541,s83,541,135,0,'c' 'h',ch,0.10387226426973939,champ,champ,5
542,s83,542,135,1, 'h' 'a',ha,0.11201256792992353,champ,champ,5
543,s83,543,135,2, 'a' 'm',am,0.176104003097862,champ,champ,5
544,s83,544,135,3, 'm' 'p',mp,0.16004012059420347,champ,champ,5
545,s83,545,136,0,'t' 'i',ti,0.16791258985176682,tithe,tithe,7
546,s83,546,136,1, 'i' 't',it,0.11195323104038835,tithe,tithe,7
547,s83,547,136,2, 't' 'h',th,0.16002924786880612,tithe,tithe,7
548,s83,548,136,3, 'h' 'e',he,0.08801668183878064,tithe,tithe,7
549,s83,549,137,0,'h' 'e',he,0.2000033683143556,heond,heond,5
550,s83,550,137,1, 'e' 'o',eo,0.16008161287754774,heond,heond,5
551,s83,551,137,2, 'o' 'n',on,0.1999970837496221,heond,heond,5
552,s83,552,137,3, 'n' 'd',nd,0.08808189630508423,heond,heond,5
553,s83,553,138,0,'t' 'h',th,0.10407459316775203,theme,thenme,5
554,s83,554,138,1, 'h' 'e',he,0.1039175228215754,theme,thenme,5
555,s83,555,138,2, 'e' 'n',em,0.1519759059883654,theme,thenme,5
556,s83,556,138,3, 'n' 'm',me,0.008134481962770224,theme,thenme,5
557,s83,557,138,4, 'm' 'e',,0.07188446493819356,theme,thenme,5
558,s83,558,139,0,'f' 'a',fa,0.16810024389997125,faqir,faqir,6
559,s83,559,139,1, 'a' 'q',aq,0.367978498339653,faqir,faqir,6
560,s83,560,139,2, 'q' 'i',qi,0.1919872467406094,faqir,faqir,6
561,s83,561,139,3, 'i' 'r',ir,0.10411253105849028,faqir,faqir,6
562,s83,562,140,0,'k' 'r',kr,0.08804020611569285,kremp,kremp,5
563,s83,563,140,1, 'r' 'e',re,0.06389864487573504,kremp,kremp,5
564,s83,564,140,2, 'e' 'm',em,0.11206465400755405,kremp,kremp,5
565,s83,565,140,3, 'm' 'p',mp,0.15197452204301953,kremp,kremp,5
566,s83,566,141,0,'f' 'a',fa,0.17593366606160998,faqir,faqir,7
567,s83,567,141,1, 'a' 'q',aq,0.2799616567790508,faqir,faqir,7
568,s83,568,141,2, 'q' 'i',qi,0.13606664026156068,faqir,faqir,7
569,s83,569,141,3, 'i' 'r',ir,0.09600405860692263,faqir,faqir,7
570,s83,570,142,0,'h' 'a',ha,0.12013564491644502,haole,haole,5
571,s83,571,142,1, 'a' 'o',ao,0.35201113019138575,haole,haole,5
572,s83,572,142,2, 'o' 'l',ol,0.19193771295249462,haole,haole,5
573,s83,573,142,3, 'l' 'e',le,0.07204977981746197,haole,haole,5
574,s83,574,143,0,'c' 'h',ch,0.1679920800961554,champ,champ,6
575,s83,575,143,1, 'h' 'a',ha,0.15200080210343003,champ,champ,6
576,s83,576,143,2, 'a' 'm',am,0.1680499347858131,champ,champ,6
577,s83,577,143,3, 'm' 'p',mp,0.18401997117325664,champ,champ,6
578,s83,578,144,0,'c' 'o',co,0.12800035160034895,cooed,cooed,6
579,s83,579,144,1, 'o' 'o',oo,0.1599723561666906,cooed,cooed,6
580,s83,580,144,2, 'o' 'e',oe,0.09603242622688413,cooed,cooed,6
581,s83,581,144,3, 'e' 'd',ed,0.09600736200809479,cooed,cooed,6
582,s83,582,145,0,'b' 'u',bu,0.23193319514393806,buddy,buddy,6
583,s83,583,145,1, 'u' 'd',ud,0.17605159105733037,buddy,buddy,6
584,s83,584,145,2, 'd' 'd',dd,0.15995833091437817,buddy,buddy,6
585,s83,585,145,3, 'd' 'y',dy,0.1520143961533904,buddy,buddy,6
586,s83,586,146,0,'k' 'r',kr,0.11198839917778969,kremp,kremp,6
587,s83,587,146,1, 'r' 'e',re,0.08004132797941566,kremp,kremp,6
588,s83,588,146,2, 'e' 'm',em,0.12796028703451157,kremp,kremp,6
589,s83,589,146,3, 'm' 'p',mp,0.16790545172989368,kremp,kremp,6
590,s83,590,147,0,'b' 'u',bu,0.2398979547433555,buddy,buddy,7
591,s83,591,147,1, 'u' 'd',ud,0.19200435793027282,buddy,buddy,7
592,s83,592,147,2, 'd' 'd',dd,0.13602206017822027,buddy,buddy,7
593,s83,593,147,3, 'd' 'y',dy,0.10405055712908506,buddy,buddy,7
594,s83,594,148,0,'h' 'e',he,0.3600042467005551,heond,heond,6
595,s83,595,148,1, 'e' 'o',eo,0.17598449904471636,heond,heond,6
596,s83,596,148,2, 'o' 'n',on,0.20800690725445747,heond,heond,6
597,s83,597,148,3, 'n' 'd',nd,0.12008817074820399,heond,heond,6
598,s83,598,149,0,'w' 'o',wo,0.09600385930389166,would,would,6
599,s83,599,149,1, 'o' 'u',ou,0.11197368567809463,would,would,6
600,s83,600,149,2, 'u' 'l',ul,0.20805302541702986,would,would,6
601,s83,601,149,3, 'l' 'd',ld,0.11194542376324534,would,would,6
602,s83,602,150,0,'t' 'h',th,0.07993888296186924,theme,theme,6
603,s83,603,150,1, 'h' 'e',he,0.0879894969984889,theme,theme,6
604,s83,604,150,2, 'e' 'm',em,0.13613547990098596,theme,theme,6
605,s83,605,150,3, 'm' 'e',me,0.07985774101689458,theme,theme,6
606,s83,606,151,0,'a' 'b',ab,0.19199346331879497,about,about,5
607,s83,607,151,1, 'b' 'o',bo,0.11200712202116847,about,about,5
608,s83,608,151,2, 'o' 'u',ou,0.09601199394091964,about,about,5
609,s83,609,151,3, 'u' 't',ut,0.11194853903725743,about,about,5
610,s83,610,152,0,'t' 'h',th,0.19190481584519148,think,think,6
611,s83,611,152,1, 'h' 'i',hi,0.15205547586083412,think,think,6
612,s83,612,152,2, 'i' 'n',in,0.19195977319031954,think,think,6
613,s83,613,152,3, 'n' 'k',nk,0.1759878071025014,think,think,6
614,s83,614,153,0,'p' 'u',pu,0.18404295528307557,puppy,puppy,5
615,s83,615,153,1, 'u' 'p',up,0.1599292317405343,puppy,puppy,5
616,s83,616,153,2, 'p' 'p',pp,0.16794819617643952,puppy,puppy,5
617,s83,617,153,3, 'p' 'y',py,0.15203714603558183,puppy,puppy,5
618,s83,618,154,0,'t' 'h',th,0.1119411988183856,there,there,5
619,s83,619,154,1, 'h' 'e',he,0.0800199150107801,there,there,5
620,s83,620,154,2, 'e' 'r',er,0.08803604822605848,there,there,5
621,s83,621,154,3, 'r' 'e',re,0.11204004101455212,there,there,5
622,s83,622,155,0,'e' 'd',ed,0.13599973870441318,edthe,edthe,5
623,s83,623,155,1, 'd' 't',dt,0.19192766910418868,edthe,edthe,5
624,s83,624,155,2, 't' 'h',th,0.12793649593368173,edthe,edthe,5
625,s83,625,155,3, 'h' 'e',he,0.07211002102121711,edthe,edthe,5
626,s83,626,156,0,'v' 'a',va,0.1199966468848288,vanru,vanru,6
627,s83,627,156,1, 'a' 'n',an,0.0959838847629726,vanru,vanru,6
628,s83,628,156,2, 'n' 'r',nr,0.1361681050620973,vanru,vanru,6
629,s83,629,156,3, 'r' 'u',ru,0.1679707351140678,vanru,vanru,6
630,s83,630,157,0,'h' 'e',he,0.12797912675887346,heond,heond,7
631,s83,631,157,1, 'e' 'o',eo,0.11206361837685108,heond,heond,7
632,s83,632,157,2, 'o' 'n',on,0.1918819798156619,heond,heond,7
633,s83,633,157,3, 'n' 'd',nd,0.10400677798315883,heond,heond,7
634,s83,634,158,0,'p' 'y',py,0.31208759220317006,pykka,pykka,6
635,s83,635,158,1, 'y' 'k',yk,0.4559646346606314,pykka,pykka,6
636,s83,636,158,2, 'k' 'k',kk,0.15192529931664467,pykka,pykka,6
637,s83,637,158,3, 'k' 'a',ka,0.18402689695358276,pykka,pykka,6
638,s83,638,159,0,'a' 'z',zi,0.824068246409297,zibja,azibja,5
639,s83,639,159,1, 'z' 'i',ib,0.3360439445823431,zibja,azibja,5
640,s83,640,159,2, 'i' 'b',bj,0.2000293480232358,zibja,azibja,5
641,s83,641,159,3, 'b' 'j',ja,0.3759735613130033,zibja,azibja,5
642,s83,642,159,4, 'j' 'a',,0.111993249040097,zibja,azibja,5
643,s83,643,160,0,'w' 'o',wo,0.11999690625816584,would,would,7
644,s83,644,160,1, 'o' 'u',ou,0.1280600018799305,would,would,7
645,s83,645,160,2, 'u' 'l',ul,0.23198153683915734,would,would,7
646,s83,646,160,3, 'l' 'd',ld,0.11995195830240846,would,would,7
647,s83,647,161,0,'b' 'u',bu,0.1680223480798304,buddy,buddy,8
648,s83,648,161,1, 'u' 'd',ud,0.19207344390451908,buddy,buddy,8
649,s83,649,161,2, 'd' 'd',dd,0.17598910117521882,buddy,buddy,8
650,s83,650,161,3, 'd' 'y',dy,0.11193161783739924,buddy,buddy,8
651,s83,651,162,0,'c' 'h',ch,0.13605261128395796,cheer,cheer,6
652,s83,652,162,1, 'h' 'e',he,0.11195871280506253,cheer,cheer,6
653,s83,653,162,2, 'e' 'e',ee,0.1680782032199204,cheer,cheer,6
654,s83,654,162,3, 'e' 'r',er,0.1599120581522584,cheer,cheer,6
655,s83,655,163,0,'h' 'a',ha,0.1679990221746266,haole,haole,6
656,s83,656,163,1, 'a' 'o',ao,0.2400108347646892,haole,haole,6
657,s83,657,163,2, 'o' 'l',ol,0.18403850495815277,haole,haole,6
658,s83,658,163,3, 'l' 'e',le,0.07190061220899224,haole,haole,6
659,s83,659,164,0,'b' 'e',be,0.1200057459063828,belly,belly,6
660,s83,660,164,1, 'e' 'l',el,0.3119507757946849,belly,belly,6
661,s83,661,164,2, 'l' 'l',ll,0.1519981692545116,belly,belly,6
662,s83,662,164,3, 'l' 'y',ly,0.28806767612695694,belly,belly,6
663,s83,663,165,0,'v' 'o',vo,0.2559918318875134,vodka,vodka,6
664,s83,664,165,1, 'o' 'd',od,0.46403559716418386,vodka,vodka,6
665,s83,665,165,2, 'd' 'k',dk,0.1839984180405736,vodka,vodka,6
666,s83,666,165,3, 'k' 'a',ka,0.10397130204364657,vodka,vodka,6
667,s83,667,166,0,'z' 'i',zi,0.2320983619429171,zibja,zibja,6
668,s83,668,166,1, 'i' 'b',ib,0.21590449614450336,zibja,zibja,6
669,s83,669,166,2, 'b' 'j',bj,0.5362334609963,zibja,zibja,6
670,s83,670,166,3, 'j' 'a',ja,0.11191623099148273,zibja,zibja,6
671,s83,671,167,0,'t' 'i',ti,0.1520137139596045,tithe,tithe,8
672,s83,672,167,1, 'i' 't',it,0.11994843883439898,tithe,tithe,8
673,s83,673,167,2, 't' 'h',th,0.11996560636907816,tithe,tithe,8
674,s83,674,167,3, 'h' 'e',he,0.07203788263723254,tithe,tithe,8
675,s83,675,168,0,'a' 'b',ab,0.20000870758667588,about,about,6
676,s83,676,168,1, 'b' 'o',bo,0.13596792612224817,about,about,6
677,s83,677,168,2, 'o' 'u',ou,0.10390482703223825,about,about,6
678,s83,678,168,3, 'u' 't',ut,0.0640838872641325,about,about,6
679,s83,679,169,0,'p' 'u',pu,0.22406815132126212,puppy,puppy,6
680,s83,680,169,1, 'u' 'p',up,0.2720439010299742,puppy,puppy,6
681,s83,681,169,2, 'p' 'p',pp,0.16793280094861984,puppy,puppy,6
682,s83,682,169,3, 'p' 'y',py,0.11995400488376617,puppy,puppy,6
683,s83,683,170,0,'t' 'h',th,0.21599352499470115,think,think,7
684,s83,684,170,1, 'h' 'i',hi,0.12793120509013534,think,think,7
685,s83,685,170,2, 'i' 'n',in,0.18411764968186617,think,think,7
686,s83,686,170,3, 'n' 'k',nk,0.17595480987802148,think,think,7
687,s83,687,171,0,'v' 'o',vo,0.12798549886792898,vodka,vodka,7
688,s83,688,171,1, 'o' 'd',od,0.19993123784661293,vodka,vodka,7
689,s83,689,171,2, 'd' 'k',dk,0.12000674102455378,vodka,vodka,7
690,s83,690,171,3, 'k' 'a',ka,0.12005509901791811,vodka,vodka,7
691,s83,691,172,0,'p' 'y',py,0.40807792730629444,pykka,pykka,7
692,s83,692,172,1, 'y' 'k',yk,0.2240228527225554,pykka,pykka,7
693,s83,693,172,2, 'k' 'k',kk,0.20000080205500126,pykka,pykka,7
694,s83,694,172,3, 'k' 'a',ka,0.19994959514588118,pykka,pykka,7
695,s83,695,173,0,'e' 'd',ed,0.15194358816370368,edthe,edhe,6
696,s83,696,173,1, 'd' 'h',dt,0.3281043120659888,edthe,edhe,6
697,s83,697,173,2, 'h' 'e',th,0.8000102788209915,edthe,edhe,6
698,s83,698,174,0,'b' 'u',bu,0.16809458658099174,buddy,buddy,9
699,s83,699,174,1, 'u' 'd',ud,0.11999500822275877,buddy,buddy,9
700,s83,700,174,2, 'd' 'd',dd,0.15997462021186948,buddy,buddy,9
701,s83,701,174,3, 'd' 'y',dy,0.08801114978268743,buddy,buddy,9
702,s83,702,175,0,'e' 'd',ed,0.13593197613954544,edthe,edthe,7
703,s83,703,175,1, 'd' 't',dt,0.24011663580313325,edthe,edthe,7
704,s83,704,175,2, 't' 'h',th,0.14394647115841508,edthe,edthe,7
705,s83,705,175,3, 'h' 'e',he,0.11997083015739918,edthe,edthe,7
706,s83,706,176,0,'c' 'o',co,0.17590973200276494,cooed,cooed,7
707,s83,707,176,1, 'o' 'o',oo,0.15212259255349636,cooed,cooed,7
708,s83,708,176,2, 'o' 'e',oe,0.0959605723619461,cooed,cooed,7
709,s83,709,176,3, 'e' 'd',ed,0.09592332597821951,cooed,cooed,7
710,s83,710,177,0,'h' 'e',he,0.1998848868533969,heond,heond,8
711,s83,711,177,1, 'e' 'o',eo,0.1760196639224887,heond,heond,8
712,s83,712,177,2, 'o' 'n',on,0.20004336023703218,heond,heond,8
713,s83,713,177,3, 'n' 'd',nd,0.10400648275390267,heond,heond,8
714,s83,714,178,0,'t' 'h',th,0.24000247102230787,think,think,8
715,s83,715,178,1, 'h' 'i',hi,0.14400973636657,think,think,8
716,s83,716,178,2, 'i' 'n',in,0.2080135429278016,think,think,8
717,s83,717,178,3, 'n' 'k',nk,0.15991682978346944,think,think,8
718,s83,718,179,0,'v' 'a',va,0.15999717405065894,vanru,vanrue,7
719,s83,719,179,1, 'a' 'n',an,0.19996186718344688,vanru,vanrue,7
720,s83,720,179,2, 'n' 'r',nr,0.20800983207300305,vanru,vanrue,7
721,s83,721,179,3, 'r' 'u',ru,0.17596941580995917,vanru,vanrue,7
722,s83,722,179,4, 'u' 'e',,0.10400817496702075,vanru,vanrue,7
723,s83,723,180,0,'p' 'y',py,0.28793839970603585,pykka,pykka,8
724,s83,724,180,1, 'y' 'k',yk,0.3920545079745352,pykka,pykka,8
725,s83,725,180,2, 'k' 'k',kk,0.1519412361085415,pykka,pykka,8
726,s83,726,180,3, 'k' 'a',ka,0.10398490121588111,pykka,pykka,8
727,s83,727,181,0,'d' 'r',dr,0.20795757370069623,druze,druze,5
728,s83,728,181,1, 'r' 'u',ru,0.25605535320937634,druze,druze,5
729,s83,729,181,2, 'u' 'z',uz,0.18387562409043312,druze,druze,5
730,s83,730,181,3, 'z' 'e',ze,0.22405933775007725,druze,druze,5
731,s83,731,182,0,'c' 'o',co,0.17599556129425764,cooed,cooed,8
732,s83,732,182,1, 'o' 'o',oo,0.13603355083614588,cooed,cooed,8
733,s83,733,182,2, 'o' 'e',oe,0.0799793261103332,cooed,cooed,8
734,s83,734,182,3, 'e' 'd',ed,0.1040835496969521,cooed,cooed,8
735,s83,735,183,0,'c' 'h',ch,0.14393394580110908,champ,champ,7
736,s83,736,183,1, 'h' 'a',ha,0.14410822512581944,champ,champ,7
737,s83,737,183,2, 'a' 'm',am,0.11995329894125462,champ,champ,7
738,s83,738,183,3, 'm' 'p',mp,0.18405553698539734,champ,champ,7
739,s83,739,184,0,'l' 'u',lu,0.2240544711239636,lucky,lucky,7
740,s83,740,184,1, 'u' 'c',uc,0.1278730221092701,lucky,lucky,7
741,s83,741,184,2, 'c' 'k',ck,0.1280057430267334,lucky,lucky,7
742,s83,742,184,3, 'k' 'y',ky,0.23208415182307363,lucky,lucky,7
743,s83,743,185,0,'t' 'h',th,0.09593844227492809,theme,theme,7
744,s83,744,185,1, 'h' 'e',he,0.11199497897177935,theme,theme,7
745,s83,745,185,2, 'e' 'm',em,0.13595924898982048,theme,theme,7
746,s83,746,185,3, 'm' 'e',me,0.09615805791690946,theme,theme,7
747,s83,747,186,0,'e' 'd',ed,0.128101228736341,edthe,edthe,8
748,s83,748,186,1, 'd' 't',dt,0.27994010923430324,edthe,edthe,8
749,s83,749,186,2, 't' 'h',th,0.3280723080970347,edthe,edthe,8
750,s83,750,186,3, 'h' 'e',he,0.136009456589818,edthe,edthe,8
751,s83,751,187,0,'a' 'b',ab,0.1760337078012526,about,about,7
752,s83,752,187,1, 'b' 'o',bo,0.14406684506684542,about,about,7
753,s83,753,187,2, 'o' 'u',ou,0.07989846216514707,about,about,7
754,s83,754,187,3, 'u' 't',ut,0.08811306301504374,about,about,7
755,s83,755,188,0,'t' 'h',th,0.11199636338278651,therm,therm,6
756,s83,756,188,1, 'h' 'e',he,0.09602606995031238,therm,therm,6
757,s83,757,188,2, 'e' 'r',er,0.07195735489949584,therm,therm,6
758,s83,758,188,3, 'r' 'm',rm,0.1599375382065773,therm,therm,6
759,s83,759,189,0,'a' 'b',ab,0.15991873666644096,about,about,8
760,s83,760,189,1, 'b' 'o',bo,0.11205162527039647,about,about,8
761,s83,761,189,2, 'o' 'u',ou,0.12805598508566618,about,about,8
762,s83,762,189,3, 'u' 't',ut,0.12800633860751987,about,about,8
763,s83,763,190,0,'t' 'i',ti,0.232083760201931,tithe,tithe,9
764,s83,764,190,1, 'i' 't',it,0.11986613366752863,tithe,tithe,9
765,s83,765,190,2, 't' 'h',th,0.1201016460545361,tithe,tithe,9
766,s83,766,190,3, 'h' 'e',he,0.09592388523742557,tithe,tithe,9
767,s83,767,191,0,'t' 'h',th,0.120013696141541,there,there,6
768,s83,768,191,1, 'h' 'e',he,0.09589948784559965,there,there,6
769,s83,769,191,2, 'e' 'r',er,0.12010321021080017,there,there,6
770,s83,770,191,3, 'r' 'e',re,0.14401845587417483,there,there,6
771,s83,771,192,0,'a' 'b',ab,0.18417031597346067,about,about,9
772,s83,772,192,1, 'b' 'o',bo,0.13586120400577784,about,about,9
773,s83,773,192,2, 'o' 'u',ou,0.11205833405256271,about,about,9
774,s83,774,192,3, 'u' 't',ut,0.1040048049762845,about,about,9
775,s83,775,193,0,'w' 'o',wo,0.1760307620279491,would,would,8
776,s83,776,193,1, 'o' 'u',ou,0.11196510586887598,would,would,8
777,s83,777,193,2, 'u' 'l',ul,0.21604000590741634,would,would,8
778,s83,778,193,3, 'l' 'd',ld,0.15188411343842745,would,would,8
779,s83,779,194,0,'p' 'u',pu,0.3520763646811247,puppy,puppy,7
780,s83,780,194,1, 'u' 'p',up,0.35193554405122995,puppy,puppy,7
781,s83,781,194,2, 'p' 'p',pp,0.1999520198442042,puppy,puppy,7
782,s83,782,194,3, 'p' 'y',py,0.18411864805966616,puppy,puppy,7
783,s83,783,195,0,'v' 'o',vo,0.46410550782456994,vodka,vodka,8
784,s83,784,195,1, 'o' 'd',od,0.26399634638801217,vodka,vodka,8
785,s83,785,195,2, 'd' 'k',dk,0.16790676303207874,vodka,vodka,8
786,s83,786,195,3, 'k' 'a',ka,0.10398947168141603,vodka,vodka,8
787,s83,787,196,0,'d' 'r',dr,0.19192798295989633,druze,druze,6
788,s83,788,196,1, 'r' 'u',ru,0.17608055798336864,druze,druze,6
789,s83,789,196,2, 'u' 'z',uz,0.20797668490558863,druze,druze,6
790,s83,790,196,3, 'z' 'e',ze,0.23191284108906984,druze,druze,6
791,s83,791,197,0,'f' 'a',fa,0.15997115103527904,faqir,faqir,8
792,s83,792,197,1, 'a' 'q',aq,0.36793848499655724,faqir,faqir,8
793,s83,793,197,2, 'q' 'i',qi,0.17599964514374733,faqir,faqir,8
794,s83,794,197,3, 'i' 'r',ir,0.13612661696970463,faqir,faqir,8
795,s83,795,198,0,'t' 'h',th,0.10406515281647444,theme,theme,8
796,s83,796,198,1, 'h' 'e',he,0.09590877732262015,theme,theme,8
797,s83,797,198,2, 'e' 'm',em,0.16012175288051367,theme,theme,8
798,s83,798,198,3, 'm' 'e',me,0.07986740721389651,theme,theme,8
799,s83,799,199,0,'p' 'u',pu,0.1918862913735211,puppy,puppy,8
800,s83,800,199,1, 'u' 'p',up,0.16809716867282987,puppy,puppy,8
801,s83,801,199,2, 'p' 'p',pp,0.15989711228758097,puppy,puppy,8
802,s83,802,199,3, 'p' 'y',py,0.15205577900633216,puppy,puppy,8
803,s83,803,200,0,'c' 'h',ch,0.09604976512491703,champ,champ,8
804,s83,804,200,1, 'h' 'a',ha,0.11988720670342445,champ,champ,8
805,s83,805,200,2, 'a' 'm',am,0.16816650098189712,champ,champ,8
806,s83,806,200,3, 'm' 'p',mp,0.20794975897297263,champ,champ,8
807,s83,807,201,0,'k' 'r',kr,0.09605730511248112,kremp,kremp,7
808,s83,808,201,1, 'r' 'e',re,0.0720131266862154,kremp,kremp,7
809,s83,809,201,2, 'e' 'm',em,0.08798550721257925,kremp,kremp,7
810,s83,810,201,3, 'm' 'p',mp,0.15992276603356004,kremp,kremp,7
811,s83,811,202,0,'t' 'h',th,0.08811955386772752,therm,therm,7
812,s83,812,202,1, 'h' 'e',he,0.09600107185542583,therm,therm,7
813,s83,813,202,2, 'e' 'r',er,0.07994548697024584,therm,therm,7
814,s83,814,202,3, 'r' 'm',rm,0.13593744207173586,therm,therm,7
815,s83,815,203,0,'h' 'a',ha,0.11198379704728723,haole,haole,7
816,s83,816,203,1, 'a' 'o',ao,0.20805657701566815,haole,haole,7
817,s83,817,203,2, 'o' 'l',ol,0.19995514024049044,haole,haole,7
818,s83,818,203,3, 'l' 'e',le,0.0720266099087894,haole,haole,7
819,s83,819,204,0,'c' 'h',ch,0.10396285075694323,cheer,cheer,7
820,s83,820,204,1, 'h' 'e',he,0.11192766623571515,cheer,cheer,7
821,s83,821,204,2, 'e' 'e',ee,0.16807034704834223,cheer,cheer,7
822,s83,822,204,3, 'e' 'r',er,0.10394215490669012,cheer,cheer,7
823,s83,823,205,0,'b' 'e',be,0.16790018184110522,belly,belly,7
824,s83,824,205,1, 'e' 'l',el,0.23210091702640057,belly,belly,7
825,s83,825,205,2, 'l' 'l',ll,0.1280038058757782,belly,belly,7
826,s83,826,205,3, 'l' 'y',ly,0.15193415014073253,belly,belly,7
827,s83,827,206,0,'t' 'h',th,0.08798394398763776,there,there,7
828,s83,828,206,1, 'h' 'e',he,0.08805774105712771,there,there,7
829,s83,829,206,2, 'e' 'r',er,0.10393303399905562,there,there,7
830,s83,830,206,3, 'r' 'e',re,0.10409143194556236,there,there,7
831,s83,831,207,0,'t' 'h',th,0.08807671535760164,therm,therm,8
832,s83,832,207,1, 'h' 'e',he,0.0959313390776515,therm,therm,8
833,s83,833,207,2, 'e' 'r',er,0.09609494591131806,therm,therm,8
834,s83,834,207,3, 'r' 'm',rm,0.1440426860935986,therm,therm,8
835,s83,835,208,0,'p' 'u',pu,0.14401114685460925,puppy,puppy,9
836,s83,836,208,1, 'u' 'p',up,0.22410209197551012,puppy,puppy,9
837,s83,837,208,2, 'p' 'p',pp,0.17598222801461816,puppy,puppy,9
838,s83,838,208,3, 'p' 'y',py,0.1358915390446782,puppy,puppy,9
839,s83,839,209,0,'c' 'o',co,0.168048492167145,cooed,cooed,9
840,s83,840,209,1, 'o' 'o',oo,0.15988800209015608,cooed,cooed,9
841,s83,841,209,2, 'o' 'e',oe,0.04811715567484498,cooed,cooed,9
842,s83,842,209,3, 'e' 'd',ed,0.0960112321190536,cooed,cooed,9
843,s83,843,210,0,'e' 'd',ed,0.12794429901987314,edthe,edthe,9
844,s83,844,210,1, 'd' 't',dt,0.20005417708307505,edthe,edthe,9
845,s83,845,210,2, 't' 'h',th,0.1360413208603859,edthe,edthe,9
846,s83,846,210,3, 'h' 'e',he,0.07200847379863262,edthe,edthe,9
847,s83,847,211,0,'l' 'u',lu,0.12792868074029684,lucky,lucky,8
848,s83,848,211,1, 'u' 'c',uc,0.12803255207836628,lucky,lucky,8
849,s83,849,211,2, 'c' 'k',ck,0.11205943627282977,lucky,lucky,8
850,s83,850,211,3, 'k' 'y',ky,0.22406314779073,lucky,lucky,8
851,s83,851,212,0,'z' 'i',zi,0.16809404082596302,zibja,zibja,7
852,s83,852,212,1, 'i' 'b',ib,0.1920114359818399,zibja,zibja,7
853,s83,853,212,2, 'b' 'j',bj,0.23194819828495383,zibja,zibja,7
854,s83,854,212,3, 'j' 'a',ja,0.1359253409318626,zibja,zibja,7
855,s83,855,213,0,'w' 'o',wo,0.12805776204913855,would,woulkd,9
856,s83,856,213,1, 'o' 'u',ou,0.10405417997390032,would,woulkd,9
857,s83,857,213,2, 'u' 'l',ul,0.279949848074466,would,woulkd,9
858,s83,858,213,3, 'l' 'k',ld,0.0,would,woulkd,9
859,s83,859,213,4, 'k' 'd',,0.36794899590313435,would,woulkd,9
860,s83,860,214,0,'t' 'h',th,0.10411983402445912,theme,theme,9
861,s83,861,214,1, 'h' 'e',he,0.09587855217978358,theme,theme,9
862,s83,862,214,2, 'e' 'm',em,0.12801110884174705,theme,theme,9
863,s83,863,214,3, 'm' 'e',me,0.09605711931362748,theme,theme,9
864,s83,864,215,0,'d' 'r',dr,0.18399629788473248,druze,druze,7
865,s83,865,215,1, 'r' 'u',ru,0.16002830676734447,druze,druze,7
866,s83,866,215,2, 'u' 'z',uz,0.3679846040904522,druze,druze,7
867,s83,867,215,3, 'z' 'e',ze,0.367941252887249,druze,druze,7
868,s83,868,216,0,'l' 'u',lu,0.15204430418089032,lucky,lucky,9
869,s83,869,216,1, 'u' 'c',uc,0.0958710121922195,lucky,lucky,9
870,s83,870,216,2, 'c' 'k',ck,0.12001040065661073,lucky,lucky,9
871,s83,871,216,3, 'k' 'y',ky,0.18399048317223787,lucky,lucky,9
872,s83,872,217,0,'t' 'h',th,0.1919811717234552,think,think,9
873,s83,873,217,1, 'h' 'i',hi,0.16795501904562116,think,think,9
874,s83,874,217,2, 'i' 'n',in,0.23203664598986506,think,think,9
875,s83,875,217,3, 'n' 'k',nk,0.18397524021565914,think,think,9
876,s83,876,218,0,'z' 'i',zi,0.20804343093186617,zibja,zibja,8
877,s83,877,218,1, 'i' 'b',ib,0.2319341660477221,zibja,zibja,8
878,s83,878,218,2, 'b' 'j',bj,0.20004306780174375,zibja,zibja,8
879,s83,879,218,3, 'j' 'a',ja,0.248004084918648,zibja,zibja,8
880,s83,880,219,0,'t' 'h',th,0.15200271271169186,there,there,8
881,s83,881,219,1, 'h' 'e',he,0.08794210013002157,there,there,8
882,s83,882,219,2, 'e' 'r',er,0.11208543181419373,there,there,8
883,s83,883,219,3, 'r' 'e',re,0.128028757404536,there,there,8
884,s83,884,220,0,'k' 'r',kr,0.12001990620046854,kremp,kremp,8
885,s83,885,220,1, 'r' 'e',re,0.07995310192927718,kremp,kremp,8
886,s83,886,220,2, 'e' 'm',em,0.1440147329121828,kremp,kremp,8
887,s83,887,220,3, 'm' 'p',mp,0.1519738850183785,kremp,kremp,8
888,s83,888,221,0,'v' 'a',va,0.2000358230434358,vanru,vanru,8
889,s83,889,221,1, 'a' 'n',an,0.13602650305256248,vanru,vanru,8
890,s83,890,221,2, 'n' 'r',nr,0.13606337597593665,vanru,vanru,8
891,s83,891,221,3, 'r' 'u',ru,0.1360366130247712,vanru,vanru,8
892,s83,892,222,0,'v' 'o',vo,0.11998495506122708,vodka,vodka,9
893,s83,893,222,1, 'o' 'd',od,0.2479055500589311,vodka,vodka,9
894,s83,894,222,2, 'd' 'k',dk,0.15209155762568116,vodka,vodka,9
895,s83,895,222,3, 'k' 'a',ka,0.11195983598008752,vodka,vodka,9
896,s83,896,223,0,'c' 'h',ch,0.15999327413737774,cheer,cheer,8
897,s83,897,223,1, 'h' 'e',he,0.15999156096950173,cheer,cheer,8
898,s83,898,223,2, 'e' 'e',ee,0.12000086298212409,cheer,cheer,8
899,s83,899,223,3, 'e' 'r',er,0.5520112263038754,cheer,cheer,8
900,s83,900,224,0,'v' 'a',va,0.14391636801883578,vanru,vanru,9
901,s83,901,224,1, 'a' 'n',an,0.1280979448929429,vanru,vanru,9
902,s83,902,224,2, 'n' 'r',nr,0.13597926404327154,vanru,vanru,9
903,s83,903,224,3, 'r' 'u',ru,0.18403379805386066,vanru,vanru,9
904,s83,904,225,0,'f' 'a',fa,0.16800780780613422,faqir,faqir,9
905,s83,905,225,1, 'a' 'q',aq,0.5360382320359349,faqir,faqir,9
906,s83,906,225,2, 'q' 'i',qi,0.21598877105861902,faqir,faqir,9
907,s83,907,225,3, 'i' 'r',ir,0.11197065096348524,faqir,faqir,9
908,s83,908,226,0,'k' 'r',kr,0.08807054022327065,kremp,kremp,9
909,s83,909,226,1, 'r' 'e',re,0.05586473876610398,kremp,kremp,9
910,s83,910,226,2, 'e' 'm',em,0.12010915903374553,kremp,kremp,9
911,s83,911,226,3, 'm' 'p',mp,0.17598477704450488,kremp,kremp,9
912,s83,912,227,0,'d' 'r',dr,0.20797040034085512,druze,druze,8
913,s83,913,227,1, 'r' 'u',ru,0.1919864476658404,druze,druze,8
914,s83,914,227,2, 'u' 'z',uz,0.1600779891014099,druze,druze,8
915,s83,915,227,3, 'z' 'e',ze,0.735894710291177,druze,druze,8
916,s83,916,228,0,'b' 'e',be,0.19997128611430526,belly,belly,8
917,s83,917,228,1, 'e' 'l',el,0.3040474569424987,belly,belly,8
918,s83,918,228,2, 'l' 'l',ll,0.17594077112153172,belly,belly,8
919,s83,919,228,3, 'l' 'y',ly,0.12800134671851993,belly,belly,8
920,s83,920,229,0,'t' 'h',th,0.10397650394588709,therm,therm,9
921,s83,921,229,1, 'h' 'e',he,0.08800261281430721,therm,therm,9
922,s83,922,229,2, 'e' 'r',er,0.06400622520595789,therm,therm,9
923,s83,923,229,3, 'r' 'm',rm,0.1119913668371737,therm,therm,9
924,s83,924,230,0,'c' 'h',ch,0.09610922075808048,champ,champ,9
925,s83,925,230,1, 'h' 'a',ha,0.11189575726166368,champ,champ,9
926,s83,926,230,2, 'a' 'm',am,0.17609982285648584,champ,champ,9
927,s83,927,230,3, 'm' 'p',mp,0.15197227708995342,champ,champ,9
928,s83,928,231,0,'b' 'e',be,0.1759531581774354,belly,belly,9
929,s83,929,231,1, 'e' 'l',el,0.15997915994375944,belly,belly,9
930,s83,930,231,2, 'l' 'l',ll,0.15999550092965364,belly,belly,9
931,s83,931,231,3, 'l' 'y',ly,0.19212128035724163,belly,belly,9
932,s83,932,232,0,'c' 'h',ch,0.12804621597751975,cheer,cheer,9
933,s83,933,232,1, 'h' 'e',he,0.13604862708598375,cheer,cheer,9
934,s83,934,232,2, 'e' 'e',ee,0.12788516469299793,cheer,cheer,9
935,s83,935,232,3, 'e' 'r',er,0.12007461301982403,cheer,cheer,9
936,s83,936,233,0,'t' 'h',th,0.1599968788214028,there,there,9
937,s83,937,233,1, 'h' 'e',he,0.13599257729947567,there,there,9
938,s83,938,233,2, 'e' 'r',er,0.12010500486940145,there,there,9
939,s83,939,233,3, 'r' 'e',re,0.11996469786390662,there,there,9
940,s83,940,234,0,'p' 'y',py,0.2879660138860345,pykka,pykka,9
941,s83,941,234,1, 'y' 'k',yk,0.4321081880480051,pykka,pykka,9
942,s83,942,234,2, 'k' 'k',kk,0.13599698804318905,pykka,pykka,9
943,s83,943,234,3, 'k' 'a',ka,0.07196844695135951,pykka,pykka,9
944,s83,944,235,0,'h' 'e',he,0.11196445301175117,heond,heond,9
945,s83,945,235,1, 'e' 'o',eo,0.10403285501524806,heond,heond,9
946,s83,946,235,2, 'o' 'n',on,0.18399948626756668,heond,heond,9
947,s83,947,235,3, 'n' 'd',nd,0.09599834680557251,heond,heond,9
948,s83,948,236,0,'z' 'i',zi,0.14400566089898348,zibja,zibja,9
949,s83,949,236,1, 'i' 'b',ib,0.11202046694234014,zibja,zibja,9
950,s83,950,236,2, 'b' 'j',bj,0.1520219030790031,zibja,zibja,9
951,s83,951,236,3, 'j' 'a',ja,0.11988094728440046,zibja,zibja,9
952,s83,952,237,0,'h' 'a',ha,0.13593287812545896,haole,haole,8
953,s83,953,237,1, 'a' 'o',ao,0.4720266591757536,haole,haole,8
954,s83,954,237,2, 'o' 'l',ol,0.19197445269674063,haole,haole,8
955,s83,955,237,3, 'l' 'e',le,0.09610468009486794,haole,haole,8
956,s83,956,238,0,'d' 'r',dr,0.3999861809425056,druze,druze,9
957,s83,957,238,1, 'r' 'u',ru,0.24811286805197597,druze,druze,9
958,s83,958,238,2, 'u' 'z',uz,0.17600940074771643,druze,druze,9
959,s83,959,238,3, 'z' 'e',ze,0.2719815173186362,druze,druze,9
960,s83,960,239,0,'h' 'a',ha,0.15190593479201198,haole,haole,9
961,s83,961,239,1, 'a' 'o',ao,0.5121144391596317,haole,haole,9
962,s83,962,239,2, 'o' 'l',ol,0.5919922417961061,haole,haole,9
963,s83,963,239,3, 'l' 'e',le,0.0798802082426846,haole,haole,9
